region,district,settlement,lat,lon,question,unit1,unit2,comment
?????????? ??????????,????????? ?????,??????,57.6519,53.8097,ДАРЯ: Как произносится слово столы?,столы,,???????? ??? ?????????? ????????.
?????????? ??????????,?????????? ?????,??????,57.2980,53.8800,ДАРЯ: Как произносится слово столы?,столы,,???????? ??? ?????????? ????????.
?????????? ??????????,?????????? ?????,??????????,56.9080,53.9010,ДАРЯ: Как произносится слово столы?,столы,,???????? ??? ?????????? ????????.
?????????? ??????????,???????????? ?????,?????????,56.7902,53.3764,ДАРЯ: Как произносится слово столы?,сталы,столы,???????? ??? ?????????? ????????.
?????????? ??????????,???????? ?????,???,56.9887,52.1853,ДАРЯ: Как произносится слово столы?,сталы,,???????? ??? ?????????? ????????.
?????????? ??????????,????????? ?????,?????,56.7750,51.9300,ДАРЯ: Как произносится слово ноги?,ноги,,???????? ??? ?????????? ????????.
?????????? ??????????,?????????? ?????,?????,57.1113,51.6149,ДАРЯ: Как произносится слово ноги?,ноги,,???????? ??? ?????????? ????????.
?????????? ??????????,?????????? ?????,??????,56.2741,51.5148,ДАРЯ: Как произносится слово ноги?,наги,,???????? ??? ?????????? ????????.
?????????? ??????????,????????? ?????,??????,56.1870,52.4790,ДАРЯ: Как произносится слово ноги?,наги,,???????? ??? ?????????? ????????.
?????????? ??????????,?????????? ?????,???????,56.0500,51.9670,ДАРЯ: Как произносится слово ноги?,наги,,???????? ??? ?????????? ????????.
?????????? ??????????,????????? ?????,?????,56.7750,51.9300,ДАРЯ: Как произносится слово пошли?,пошли,,???????? ??? ?????????? ????????.
?????????? ??????????,?????????? ?????,?????,57.1113,51.6149,ДАРЯ: Как произносится слово пошли?,пошли,,???????? ??? ?????????? ????????.
?????????? ??????????,?????????? ?????,??????,56.2741,51.5148,ДАРЯ: Как произносится слово пошли?,пашли,,???????? ??? ?????????? ????????.
?????????? ??????????,????????? ?????,??????,56.1870,52.4790,ДАРЯ: Как произносится слово пошли?,пашли,,???????? ??? ?????????? ????????.
?????????? ??????????,?????????? ?????,???????,56.0500,51.9670,ДАРЯ: Как произносится слово пошли?,пашли,,???????? ??? ?????????? ????????.
?????????? ??????????,?????????????? ?????,????? ?????,56.5577,53.0014,ДАРЯ: Как произносится слово пошли?,пашли,,???????? ??? ?????????? ????????.
?????????? ??????????,????????????? ?????,??????????,56.0120,53.7060,ДАРЯ: Как произносится слово пошли?,пашли,,???????? ??? ?????????? ????????.
?????????? ??????????,??????????? ?????,????????,57.9781,53.0135,ДАРЯ: Как произносится слово просил?,просил,прасил,???????? ??? ?????????? ????????.
?????????? ??????????,??????? ?????,???,57.8950,53.7130,ДАРЯ: Как произносится слово просил?,просил,,???????? ??? ?????????? ????????.
?????????? ??????????,????????????? ?????,?????????????,57.7040,52.4990,ДАРЯ: Как произносится слово просил?,просил,,???????? ??? ?????????? ????????.
?????????? ??????????,?????????? ?????,??????????,57.8870,52.2440,ДАРЯ: Как произносится слово просил?,просил,,???????? ??? ?????????? ????????.
?????????? ??????????,????????? ?????,??????,57.6519,53.8097,ДАРЯ: Как произносится слово просил?,прасил,просил,???????? ??? ?????????? ????????.
?????????? ??????????,?????????? ?????,??????,57.2980,53.8800,ДАРЯ: Как произносится слово просил?,прасил,просил,???????? ??? ?????????? ????????.
?????????? ??????????,?. ??????,??????,58.1395,52.6580,ДАРЯ: Как произносится слово просил?,просил,прасил,????????? ????????.
?????????? ??????????,??????????? ?????,????????,57.9781,53.0135,ДАРЯ: Как произносится слово посмотри?,посмотри,,???????? ??? ?????????? ????????.
?????????? ??????????,??????? ?????,???,57.8950,53.7130,ДАРЯ: Как произносится слово посмотри?,посмотри,,???????? ??? ?????????? ????????.
?????????? ??????????,????????????? ?????,?????????????,57.7040,52.4990,ДАРЯ: Как произносится слово посмотри?,посмотри,,???????? ??? ?????????? ????????.
?????????? ??????????,?????????? ?????,??????????,57.8870,52.2440,ДАРЯ: Как произносится слово посмотри?,посмотри,посматри,???????? ??? ?????????? ????????.
?????????? ??????????,????????? ?????,??????,57.6519,53.8097,ДАРЯ: Как произносится слово посмотри?,посматри,,???????? ??? ?????????? ????????.
?????????? ??????????,?????????? ?????,??????,57.2980,53.8800,ДАРЯ: Как произносится слово посмотри?,посматри,,???????? ??? ?????????? ????????.
?????????? ??????????,?. ??????,??????,58.1395,52.6580,ДАРЯ: Как произносится слово посмотри?,посмотри,,????????? ????????.
?????????? ??????????,????????? ?????,??????,57.6519,53.8097,ДАРЯ: Как произносится слово косил?,косил,,???????? ??? ?????????? ????????.
?????????? ??????????,?????????? ?????,??????,57.2980,53.8800,ДАРЯ: Как произносится слово косил?,косил,,???????? ??? ?????????? ????????.
?????????? ??????????,?????????? ?????,??????????,56.9080,53.9010,ДАРЯ: Как произносится слово косил?,косил,,???????? ??? ?????????? ????????.
?????????? ??????????,???????????? ?????,?????????,56.7902,53.3764,ДАРЯ: Как произносится слово косил?,касил,,???????? ??? ?????????? ????????.
?????????? ??????????,???????? ?????,???,56.9887,52.1853,ДАРЯ: Как произносится слово косил?,касил,,???????? ??? ?????????? ????????.
?????????? ??????????,???????????? ?????,?????????,56.7902,53.3764,ДАРЯ: Как произносится слово вода?,вода,,???????? ??? ?????????? ????????.
?????????? ??????????,???????? ?????,???,56.9887,52.1853,ДАРЯ: Как произносится слово вода?,вода,,???????? ??? ?????????? ????????.
?????????? ??????????,????????? ?????,????,57.5544,53.0543,ДАРЯ: Как произносится слово вода?,вода,,???????? ??? ?????????? ????????.
?????????? ??????????,?????-?????????? ?????,?????-?????,57.1840,53.0100,ДАРЯ: Как произносится слово вода?,вода,,???????? ??? ?????????? ????????.
?????????? ??????????,????????? ?????,??????,57.6519,53.8097,ДАРЯ: Как произносится слово вода?,вада,,???????? ??? ?????????? ????????.
?????????? ??????????,?????????? ?????,??????,57.2980,53.8800,ДАРЯ: Как произносится слово вода?,вада,,???????? ??? ?????????? ????????.
?????????? ??????????,??????????? ?????,????????,57.9781,53.0135,ДАРЯ: Как произносится слово вода?,въда (выда),вада,???????? ??? ?????????? ????????.
?????????? ??????????,????????? ?????,?????,56.7750,51.9300,ДАРЯ: Как произносится слово нога?,нога,,???????? ??? ?????????? ????????.
?????????? ??????????,?????????? ?????,?????,57.1113,51.6149,ДАРЯ: Как произносится слово нога?,нога,,???????? ??? ?????????? ????????.
?????????? ??????????,?????????? ?????,??????,56.2741,51.5148,ДАРЯ: Как произносится слово нога?,нага,,???????? ??? ?????????? ????????.
?????????? ??????????,????????? ?????,??????,56.1870,52.4790,ДАРЯ: Как произносится слово нога?,нага,,???????? ??? ?????????? ????????.
?????????? ??????????,?????????? ?????,???????,56.0500,51.9670,ДАРЯ: Как произносится слово нога?,нага,,???????? ??? ?????????? ????????.
?????????? ??????????,?????????? ?????,??????,56.2741,51.5148,ДАРЯ: Как произносится слово дома?,дома,,???????? ??? ?????????? ????????.
?????????? ??????????,????????? ?????,??????,56.1870,52.4790,ДАРЯ: Как произносится слово дома?,дома,,???????? ??? ?????????? ????????.
?????????? ??????????,?????????? ?????,???????,56.0500,51.9670,ДАРЯ: Как произносится слово дома?,дома,,???????? ??? ?????????? ????????.
?????????? ??????????,?????????? ?????,??????? ???,56.5750,52.0400,ДАРЯ: Как произносится слово дома?,дома,,???????? ??? ?????????? ????????.
?????????? ??????????,????????? ?????,?????,56.7750,51.9300,ДАРЯ: Как произносится слово дома?,дама,,???????? ??? ?????????? ????????.
?????????? ??????????,?????????? ?????,?????,57.1113,51.6149,ДАРЯ: Как произносится слово дома?,дама,,???????? ??? ?????????? ????????.
?????????? ??????????,?. ?????,?????,56.4447,52.2277,ДАРЯ: Как произносится слово дома?,дома,,????????? ????????.
?????????? ??????????,?????????????? ?????,????? ?????,56.5577,53.0014,ДАРЯ: Как произносится слово стоял?,стоял,,???????? ??? ?????????? ????????.
?????????? ??????????,????????????? ?????,??????????,56.0120,53.7060,ДАРЯ: Как произносится слово стоял?,стоял,стаял,???????? ??? ?????????? ????????.
?????????? ??????????,?????????? ?????,???????,56.3490,53.1240,ДАРЯ: Как произносится слово стоял?,стоял,,???????? ??? ?????????? ????????.
?????????? ??????????,???????????? ?????,???????,56.4210,53.7840,ДАРЯ: Как произносится слово стоял?,стоял,,???????? ??? ?????????? ????????.
?????????? ??????????,?????????? ?????,??????,56.2741,51.5148,ДАРЯ: Как произносится слово стоял?,стаял,,???????? ??? ?????????? ????????.
?????????? ??????????,????????? ?????,??????,56.1870,52.4790,ДАРЯ: Как произносится слово стоял?,стаял,,???????? ??? ?????????? ????????.
?????????? ??????????,?????????? ?????,????????,56.2660,54.2060,ДАРЯ: Как произносится слово стоял?,стоял,,????????? ????????.
?????????? ??????????,????????? ?????,??????,57.6519,53.8097,ДАРЯ: Как произносится слово забота?,забота,,???????? ??? ?????????? ????????.
?????????? ??????????,?????????? ?????,??????,57.2980,53.8800,ДАРЯ: Как произносится слово забота?,забота,,???????? ??? ?????????? ????????.
?????????? ??????????,?????????? ?????,??????????,56.9080,53.9010,ДАРЯ: Как произносится слово забота?,забота,,???????? ??? ?????????? ????????.
?????????? ??????????,???????????? ?????,?????????,56.7902,53.3764,ДАРЯ: Как произносится слово забота?,зобота,,???????? ??? ?????????? ????????.
?????????? ??????????,???????? ?????,???,56.9887,52.1853,ДАРЯ: Как произносится слово забота?,зобота,,???????? ??? ?????????? ????????.
?????????? ??????????,?????????? ?????,??????,56.2741,51.5148,ДАРЯ: Как произносится слово забор?,забор,зобор,???????? ??? ?????????? ????????.
?????????? ??????????,????????? ?????,??????,56.1870,52.4790,ДАРЯ: Как произносится слово забор?,забор,зобор,???????? ??? ?????????? ????????.
?????????? ??????????,?????????? ?????,???????,56.0500,51.9670,ДАРЯ: Как произносится слово забор?,забор,,???????? ??? ?????????? ????????.
?????????? ??????????,?????????? ?????,??????? ???,56.5750,52.0400,ДАРЯ: Как произносится слово забор?,забор,,???????? ??? ?????????? ????????.
?????????? ??????????,????????? ?????,?????,56.7750,51.9300,ДАРЯ: Как произносится слово забор?,зобор,,???????? ??? ?????????? ????????.
?????????? ??????????,?????????? ?????,?????,57.1113,51.6149,ДАРЯ: Как произносится слово забор?,зобор,,???????? ??? ?????????? ????????.
?????????? ??????????,??????????? ?????,????????,57.9781,53.0135,ДАРЯ: Как произносится слово забор?,зобор,,???????? ??? ?????????? ????????.
?????????? ??????????,????????? ?????,?????,56.7750,51.9300,ДАРЯ: Как произносится слово сапог?,сапог,,???????? ??? ?????????? ????????.
?????????? ??????????,?????????? ?????,?????,57.1113,51.6149,ДАРЯ: Как произносится слово сапог?,сапог,,???????? ??? ?????????? ????????.
?????????? ??????????,?????????? ?????,??????,56.2741,51.5148,ДАРЯ: Как произносится слово сапог?,сопог,,???????? ??? ?????????? ????????.
?????????? ??????????,????????? ?????,??????,56.1870,52.4790,ДАРЯ: Как произносится слово сапог?,сопог,,???????? ??? ?????????? ????????.
?????????? ??????????,?????????? ?????,???????,56.0500,51.9670,ДАРЯ: Как произносится слово сапог?,сопог,,???????? ??? ?????????? ????????.
?????????? ??????????,????????? ?????,?????,56.7750,51.9300,ДАРЯ: Как произносится слово далеко?,далеко,,???????? ??? ?????????? ????????.
?????????? ??????????,?????????? ?????,?????,57.1113,51.6149,ДАРЯ: Как произносится слово далеко?,далеко,,???????? ??? ?????????? ????????.
?????????? ??????????,?????????? ?????,??????,56.2741,51.5148,ДАРЯ: Как произносится слово далеко?,долёко,далеко,???????? ??? ?????????? ????????.
?????????? ??????????,????????? ?????,??????,56.1870,52.4790,ДАРЯ: Как произносится слово далеко?,долёко,далеко,???????? ??? ?????????? ????????.
?????????? ??????????,?????????? ?????,???????,56.0500,51.9670,ДАРЯ: Как произносится слово далеко?,долёко,,???????? ??? ?????????? ????????.
?????????? ??????????,?????????????? ?????,????? ?????,56.5577,53.0014,ДАРЯ: Как произносится слово далеко?,долёко,,???????? ??? ?????????? ????????.
?????????? ??????????,????????????? ?????,??????????,56.0120,53.7060,ДАРЯ: Как произносится слово далеко?,долёко,,???????? ??? ?????????? ????????.
?????????? ??????????,????????? ?????,?????,56.7750,51.9300,ДАРЯ: Как произносится слово баран?,баран,боран,???????? ??? ?????????? ????????.
?????????? ??????????,?????????? ?????,?????,57.1113,51.6149,ДАРЯ: Как произносится слово баран?,баран,боран,???????? ??? ?????????? ????????.
?????????? ??????????,?????????? ?????,??????,56.2741,51.5148,ДАРЯ: Как произносится слово баран?,боран,,???????? ??? ?????????? ????????.
?????????? ??????????,????????? ?????,??????,56.1870,52.4790,ДАРЯ: Как произносится слово баран?,боран,,???????? ??? ?????????? ????????.
?????????? ??????????,?????????? ?????,???????,56.0500,51.9670,ДАРЯ: Как произносится слово баран?,боран,,???????? ??? ?????????? ????????.
?????????? ??????????,?????????????? ?????,????? ?????,56.5577,53.0014,ДАРЯ: Как произносится слово стакан?,стакан,,???????? ??? ?????????? ????????.
?????????? ??????????,????????????? ?????,??????????,56.0120,53.7060,ДАРЯ: Как произносится слово стакан?,стакан,,???????? ??? ?????????? ????????.
?????????? ??????????,?????????? ?????,???????,56.3490,53.1240,ДАРЯ: Как произносится слово стакан?,стакан,,???????? ??? ?????????? ????????.
?????????? ??????????,???????????? ?????,???????,56.4210,53.7840,ДАРЯ: Как произносится слово стакан?,стакан,,???????? ??? ?????????? ????????.
?????????? ??????????,?????????? ?????,??????,56.2741,51.5148,ДАРЯ: Как произносится слово стакан?,стокан,,???????? ??? ?????????? ????????.
?????????? ??????????,????????? ?????,??????,56.1870,52.4790,ДАРЯ: Как произносится слово стакан?,стокан,,???????? ??? ?????????? ????????.
?????????? ??????????,????????? ?????,?????,56.7750,51.9300,ДАРЯ: Как произносится слово стакан?,стъкан (стыкан),стокан,???????? ??? ?????????? ????????.
?????????? ??????????,?????????? ?????,????????,56.2660,54.2060,ДАРЯ: Как произносится слово стакан?,стакан,,????????? ????????.
?????????? ??????????,???????????? ?????,?????????,56.7902,53.3764,ДАРЯ: Как произносится выражение к амбару?,к амбару,к омбару,???????? ??? ?????????? ????????.
?????????? ??????????,???????? ?????,???,56.9887,52.1853,ДАРЯ: Как произносится выражение к амбару?,к амбару,,???????? ??? ?????????? ????????.
?????????? ??????????,????????? ?????,????,57.5544,53.0543,ДАРЯ: Как произносится выражение к амбару?,к амбару,,???????? ??? ?????????? ????????.
?????????? ??????????,?????-?????????? ?????,?????-?????,57.1840,53.0100,ДАРЯ: Как произносится выражение к амбару?,к амбару,,???????? ??? ?????????? ????????.
?????????? ??????????,????????? ?????,??????,57.6519,53.8097,ДАРЯ: Как произносится выражение к амбару?,к омбару,,???????? ??? ?????????? ????????.
?????????? ??????????,?????????? ?????,??????,57.2980,53.8800,ДАРЯ: Как произносится выражение к амбару?,к омбару,,???????? ??? ?????????? ????????.
?????????? ??????????,????????? ?????,?????,56.7750,51.9300,ДАРЯ: Как произносится слово трава?,трава,,???????? ??? ?????????? ????????.
?????????? ??????????,?????????? ?????,?????,57.1113,51.6149,ДАРЯ: Как произносится слово трава?,трава,,???????? ??? ?????????? ????????.
?????????? ??????????,?????????? ?????,??????,56.2741,51.5148,ДАРЯ: Как произносится слово трава?,трова,,???????? ??? ?????????? ????????.
?????????? ??????????,????????? ?????,??????,56.1870,52.4790,ДАРЯ: Как произносится слово трава?,трова,,???????? ??? ?????????? ????????.
?????????? ??????????,?????????? ?????,???????,56.0500,51.9670,ДАРЯ: Как произносится слово трава?,трова,трава,???????? ??? ?????????? ????????.
?????????? ??????????,?????????????? ?????,????? ?????,56.5577,53.0014,ДАРЯ: Как произносится слово трава?,тръва (трыва),,???????? ??? ?????????? ????????.
?????????? ??????????,????????????? ?????,??????????,56.0120,53.7060,ДАРЯ: Как произносится слово трава?,тръва (трыва),,???????? ??? ?????????? ????????.
?????????? ??????????,??????????? ?????,????????,57.9781,53.0135,ДАРЯ: Как произносится слово давай?,давай,,???????? ??? ?????????? ????????.
?????????? ??????????,??????? ?????,???,57.8950,53.7130,ДАРЯ: Как произносится слово давай?,давай,довай,???????? ??? ?????????? ????????.
?????????? ??????????,????????????? ?????,?????????????,57.7040,52.4990,ДАРЯ: Как произносится слово давай?,давай,,???????? ??? ?????????? ????????.
?????????? ??????????,?????????? ?????,??????????,57.8870,52.2440,ДАРЯ: Как произносится слово давай?,давай,,???????? ??? ?????????? ????????.
?????????? ??????????,????????? ?????,??????,57.6519,53.8097,ДАРЯ: Как произносится слово давай?,довай,,???????? ??? ?????????? ????????.
?????????? ??????????,?????????? ?????,??????,57.2980,53.8800,ДАРЯ: Как произносится слово давай?,довай,,???????? ??? ?????????? ????????.
?????????? ??????????,???????????? ?????,?????????,56.7902,53.3764,ДАРЯ: Как произносится слово давай?,дъвай (дывай),,???????? ??? ?????????? ????????.
?????????? ??????????,????????? ?????,??????,57.6519,53.8097,ДАРЯ: Как произносится слово сказал?,сказал,,???????? ??? ?????????? ????????.
?????????? ??????????,?????????? ?????,??????,57.2980,53.8800,ДАРЯ: Как произносится слово сказал?,сказал,,???????? ??? ?????????? ????????.
?????????? ??????????,?????????? ?????,??????????,56.9080,53.9010,ДАРЯ: Как произносится слово сказал?,сказал,,???????? ??? ?????????? ????????.
?????????? ??????????,???????????? ?????,?????????,56.7902,53.3764,ДАРЯ: Как произносится слово сказал?,скозал,,???????? ??? ?????????? ????????.
?????????? ??????????,???????? ?????,???,56.9887,52.1853,ДАРЯ: Как произносится слово сказал?,скозал,,???????? ??? ?????????? ????????.
?????????? ??????????,??????????? ?????,????????,57.9781,53.0135,ДАРЯ: Как произносится слово вела?,вела,,???????? ??? ?????????? ????????.
?????????? ??????????,??????? ?????,???,57.8950,53.7130,ДАРЯ: Как произносится слово вела?,вела,,???????? ??? ?????????? ????????.
?????????? ??????????,????????????? ?????,?????????????,57.7040,52.4990,ДАРЯ: Как произносится слово вела?,вела,,???????? ??? ?????????? ????????.
?????????? ??????????,?????????? ?????,??????????,57.8870,52.2440,ДАРЯ: Как произносится слово вела?,вела,,???????? ??? ?????????? ????????.
?????????? ??????????,????????? ?????,??????,57.6519,53.8097,ДАРЯ: Как произносится слово вела?,вёла,,???????? ??? ?????????? ????????.
?????????? ??????????,?????????? ?????,??????,57.2980,53.8800,ДАРЯ: Как произносится слово вела?,вёла,,???????? ??? ?????????? ????????.
?????????? ??????????,?. ??????,??????,58.1395,52.6580,ДАРЯ: Как произносится слово вела?,вела,,????????? ????????.
?????????? ??????????,???????????? ?????,?????????,56.7902,53.3764,ДАРЯ: Как произносится слово несла?,несла,,???????? ??? ?????????? ????????.
?????????? ??????????,???????? ?????,???,56.9887,52.1853,ДАРЯ: Как произносится слово несла?,несла,,???????? ??? ?????????? ????????.
?????????? ??????????,????????? ?????,????,57.5544,53.0543,ДАРЯ: Как произносится слово несла?,несла,,???????? ??? ?????????? ????????.
?????????? ??????????,?????-?????????? ?????,?????-?????,57.1840,53.0100,ДАРЯ: Как произносится слово несла?,несла,нёсла,???????? ??? ?????????? ????????.
?????????? ??????????,????????? ?????,??????,57.6519,53.8097,ДАРЯ: Как произносится слово несла?,нёсла,,???????? ??? ?????????? ????????.
?????????? ??????????,?????????? ?????,??????,57.2980,53.8800,ДАРЯ: Как произносится слово несла?,нёсла,,???????? ??? ?????????? ????????.
?????????? ??????????,??????????? ?????,????????,57.9781,53.0135,ДАРЯ: Как произносится слово несла?,нясла,,???????? ??? ?????????? ????????.
?????????? ??????????,?????????????? ?????,????? ?????,56.5577,53.0014,ДАРЯ: Как произносится слово летать?,летать,,???????? ??? ?????????? ????????.
?????????? ??????????,????????????? ?????,??????????,56.0120,53.7060,ДАРЯ: Как произносится слово летать?,летать,,???????? ??? ?????????? ????????.
?????????? ??????????,?????????? ?????,???????,56.3490,53.1240,ДАРЯ: Как произносится слово летать?,летать,лётать,???????? ??? ?????????? ????????.
?????????? ??????????,???????????? ?????,???????,56.4210,53.7840,ДАРЯ: Как произносится слово летать?,летать,лётать,???????? ??? ?????????? ????????.
?????????? ??????????,?????????? ?????,??????,56.2741,51.5148,ДАРЯ: Как произносится слово летать?,лётать,,???????? ??? ?????????? ????????.
?????????? ??????????,????????? ?????,??????,56.1870,52.4790,ДАРЯ: Как произносится слово летать?,лётать,,???????? ??? ?????????? ????????.
?????????? ??????????,?????????? ?????,??????,56.2741,51.5148,ДАРЯ: Как произносится слово сестра?,сестра,,???????? ??? ?????????? ????????.
?????????? ??????????,????????? ?????,??????,56.1870,52.4790,ДАРЯ: Как произносится слово сестра?,сестра,,???????? ??? ?????????? ????????.
?????????? ??????????,?????????? ?????,???????,56.0500,51.9670,ДАРЯ: Как произносится слово сестра?,сестра,,???????? ??? ?????????? ????????.
?????????? ??????????,?????????? ?????,??????? ???,56.5750,52.0400,ДАРЯ: Как произносится слово сестра?,сестра,,???????? ??? ?????????? ????????.
?????????? ??????????,????????? ?????,?????,56.7750,51.9300,ДАРЯ: Как произносится слово сестра?,сёстра,,???????? ??? ?????????? ????????.
?????????? ??????????,?????????? ?????,?????,57.1113,51.6149,ДАРЯ: Как произносится слово сестра?,сёстра,,???????? ??? ?????????? ????????.
?????????? ??????????,??????????? ?????,????????,57.9781,53.0135,ДАРЯ: Как произносится слово сестра?,сястра,,???????? ??? ?????????? ????????.
?????????? ??????????,????????? ?????,??????,57.6519,53.8097,ДАРЯ: Как произносится слово село?,село,,???????? ??? ?????????? ????????.
?????????? ??????????,?????????? ?????,??????,57.2980,53.8800,ДАРЯ: Как произносится слово село?,село,,???????? ??? ?????????? ????????.
?????????? ??????????,?????????? ?????,??????????,56.9080,53.9010,ДАРЯ: Как произносится слово село?,село,,???????? ??? ?????????? ????????.
?????????? ??????????,???????????? ?????,?????????,56.7902,53.3764,ДАРЯ: Как произносится слово село?,сёло,,???????? ??? ?????????? ????????.
?????????? ??????????,???????? ?????,???,56.9887,52.1853,ДАРЯ: Как произносится слово село?,сёло,,???????? ??? ?????????? ????????.
?????????? ??????????,????????? ?????,??????,57.6519,53.8097,ДАРЯ: Как произносится слово весло?,весло,,???????? ??? ?????????? ????????.
?????????? ??????????,?????????? ?????,??????,57.2980,53.8800,ДАРЯ: Как произносится слово весло?,весло,,???????? ??? ?????????? ????????.
?????????? ??????????,?????????? ?????,??????????,56.9080,53.9010,ДАРЯ: Как произносится слово весло?,весло,,???????? ??? ?????????? ????????.
?????????? ??????????,???????????? ?????,?????????,56.7902,53.3764,ДАРЯ: Как произносится слово весло?,вёсло,,???????? ??? ?????????? ????????.
?????????? ??????????,???????? ?????,???,56.9887,52.1853,ДАРЯ: Как произносится слово весло?,вёсло,,???????? ??? ?????????? ????????.
?????????? ??????????,????????? ?????,??????,57.6519,53.8097,ДАРЯ: Как произносится слово зерно?,зерно,,???????? ??? ?????????? ????????.
?????????? ??????????,?????????? ?????,??????,57.2980,53.8800,ДАРЯ: Как произносится слово зерно?,зерно,,???????? ??? ?????????? ????????.
?????????? ??????????,?????????? ?????,??????????,56.9080,53.9010,ДАРЯ: Как произносится слово зерно?,зерно,,???????? ??? ?????????? ????????.
?????????? ??????????,???????????? ?????,?????????,56.7902,53.3764,ДАРЯ: Как произносится слово зерно?,зёрно,,???????? ??? ?????????? ????????.
?????????? ??????????,???????? ?????,???,56.9887,52.1853,ДАРЯ: Как произносится слово зерно?,зёрно,,???????? ??? ?????????? ????????.
?????????? ??????????,????????? ?????,?????,56.7750,51.9300,ДАРЯ: Как произносится слово веду?,веду,вёду,???????? ??? ?????????? ????????.
?????????? ??????????,?????????? ?????,?????,57.1113,51.6149,ДАРЯ: Как произносится слово веду?,веду,вёду,???????? ??? ?????????? ????????.
?????????? ??????????,?????????? ?????,??????,56.2741,51.5148,ДАРЯ: Как произносится слово веду?,вёду,,???????? ??? ?????????? ????????.
?????????? ??????????,????????? ?????,??????,56.1870,52.4790,ДАРЯ: Как произносится слово веду?,вёду,,???????? ??? ?????????? ????????.
?????????? ??????????,?????????? ?????,???????,56.0500,51.9670,ДАРЯ: Как произносится слово веду?,вёду,,???????? ??? ?????????? ????????.
?????????? ??????????,?????????????? ?????,????? ?????,56.5577,53.0014,ДАРЯ: Как произносится слово несу?,несу,,???????? ??? ?????????? ????????.
?????????? ??????????,????????????? ?????,??????????,56.0120,53.7060,ДАРЯ: Как произносится слово несу?,несу,,???????? ??? ?????????? ????????.
?????????? ??????????,?????????? ?????,???????,56.3490,53.1240,ДАРЯ: Как произносится слово несу?,несу,,???????? ??? ?????????? ????????.
?????????? ??????????,???????????? ?????,???????,56.4210,53.7840,ДАРЯ: Как произносится слово несу?,несу,,???????? ??? ?????????? ????????.
?????????? ??????????,?????????? ?????,??????,56.2741,51.5148,ДАРЯ: Как произносится слово несу?,нёсу,несу,???????? ??? ?????????? ????????.
?????????? ??????????,????????? ?????,??????,56.1870,52.4790,ДАРЯ: Как произносится слово несу?,нёсу,несу,???????? ??? ?????????? ????????.
?????????? ??????????,????????? ?????,?????,56.7750,51.9300,ДАРЯ: Как произносится слово несу?,нясу,,???????? ??? ?????????? ????????.
?????????? ??????????,???????????? ?????,?????????,56.7902,53.3764,ДАРЯ: Как произносится слово беру?,беру,,???????? ??? ?????????? ????????.
?????????? ??????????,???????? ?????,???,56.9887,52.1853,ДАРЯ: Как произносится слово беру?,беру,,???????? ??? ?????????? ????????.
?????????? ??????????,????????? ?????,????,57.5544,53.0543,ДАРЯ: Как произносится слово беру?,беру,,???????? ??? ?????????? ????????.
?????????? ??????????,?????-?????????? ?????,?????-?????,57.1840,53.0100,ДАРЯ: Как произносится слово беру?,беру,,???????? ??? ?????????? ????????.
?????????? ??????????,????????? ?????,??????,57.6519,53.8097,ДАРЯ: Как произносится слово беру?,бёру,,???????? ??? ?????????? ????????.
?????????? ??????????,?????????? ?????,??????,57.2980,53.8800,ДАРЯ: Как произносится слово беру?,бёру,,???????? ??? ?????????? ????????.
?????????? ??????????,?. ??????,??????,56.8527,53.2115,ДАРЯ: Как произносится слово беру?,беру,,????????? ????????.
?????????? ??????????,??????????? ?????,????????,57.9781,53.0135,ДАРЯ: Как произносится слово река?,река,,???????? ??? ?????????? ????????.
?????????? ??????????,??????? ?????,???,57.8950,53.7130,ДАРЯ: Как произносится слово река?,река,рёка,???????? ??? ?????????? ????????.
?????????? ??????????,????????????? ?????,?????????????,57.7040,52.4990,ДАРЯ: Как произносится слово река?,река,,???????? ??? ?????????? ????????.
?????????? ??????????,?????????? ?????,??????????,57.8870,52.2440,ДАРЯ: Как произносится слово река?,река,,???????? ??? ?????????? ????????.
?????????? ??????????,????????? ?????,??????,57.6519,53.8097,ДАРЯ: Как произносится слово река?,рёка,,???????? ??? ?????????? ????????.
?????????? ??????????,?????????? ?????,??????,57.2980,53.8800,ДАРЯ: Как произносится слово река?,рёка,,???????? ??? ?????????? ????????.
?????????? ??????????,???????????? ?????,?????????,56.7902,53.3764,ДАРЯ: Как произносится слово река?,ряка,,???????? ??? ?????????? ????????.
?????????? ??????????,?. ????????,????????,57.0518,53.9872,ДАРЯ: Как произносится слово река?,река,,????????? ????????.
?????????? ??????????,?????????????? ?????,????? ?????,56.5577,53.0014,ДАРЯ: Как произносится слово беда?,беда,бёда,???????? ??? ?????????? ????????.
?????????? ??????????,????????????? ?????,??????????,56.0120,53.7060,ДАРЯ: Как произносится слово беда?,беда,,???????? ??? ?????????? ????????.
?????????? ??????????,?????????? ?????,???????,56.3490,53.1240,ДАРЯ: Как произносится слово беда?,беда,,???????? ??? ?????????? ????????.
?????????? ??????????,???????????? ?????,???????,56.4210,53.7840,ДАРЯ: Как произносится слово беда?,беда,,???????? ??? ?????????? ????????.
?????????? ??????????,?????????? ?????,??????,56.2741,51.5148,ДАРЯ: Как произносится слово беда?,бёда,,???????? ??? ?????????? ????????.
?????????? ??????????,????????? ?????,??????,56.1870,52.4790,ДАРЯ: Как произносится слово беда?,бёда,,???????? ??? ?????????? ????????.
?????????? ??????????,??????????? ?????,????????,57.9781,53.0135,ДАРЯ: Как произносится слово цветам?,цветам,цвётам,???????? ??? ?????????? ????????.
?????????? ??????????,??????? ?????,???,57.8950,53.7130,ДАРЯ: Как произносится слово цветам?,цветам,,???????? ??? ?????????? ????????.
?????????? ??????????,????????????? ?????,?????????????,57.7040,52.4990,ДАРЯ: Как произносится слово цветам?,цветам,,???????? ??? ?????????? ????????.
?????????? ??????????,?????????? ?????,??????????,57.8870,52.2440,ДАРЯ: Как произносится слово цветам?,цветам,,???????? ??? ?????????? ????????.
?????????? ??????????,????????? ?????,??????,57.6519,53.8097,ДАРЯ: Как произносится слово цветам?,цвётам,цветам,???????? ??? ?????????? ????????.
?????????? ??????????,?????????? ?????,??????,57.2980,53.8800,ДАРЯ: Как произносится слово цветам?,цвётам,цветам,???????? ??? ?????????? ????????.
?????????? ??????????,??????????? ?????,????????,57.9781,53.0135,ДАРЯ: Как произносится слово поспевать?,поспевать,,???????? ??? ?????????? ????????.
?????????? ??????????,??????? ?????,???,57.8950,53.7130,ДАРЯ: Как произносится слово поспевать?,поспевать,,???????? ??? ?????????? ????????.
?????????? ??????????,????????????? ?????,?????????????,57.7040,52.4990,ДАРЯ: Как произносится слово поспевать?,поспевать,,???????? ??? ?????????? ????????.
?????????? ??????????,?????????? ?????,??????????,57.8870,52.2440,ДАРЯ: Как произносится слово поспевать?,поспевать,,???????? ??? ?????????? ????????.
?????????? ??????????,????????? ?????,??????,57.6519,53.8097,ДАРЯ: Как произносится слово поспевать?,поспёвать,поспевать,???????? ??? ?????????? ????????.
?????????? ??????????,?????????? ?????,??????,57.2980,53.8800,ДАРЯ: Как произносится слово поспевать?,поспёвать,поспевать,???????? ??? ?????????? ????????.
?????????? ??????????,???????????? ?????,?????????,56.7902,53.3764,ДАРЯ: Как произносится слово двенадцать?,двенадцать,двёнадцать,???????? ??? ?????????? ????????.
?????????? ??????????,???????? ?????,???,56.9887,52.1853,ДАРЯ: Как произносится слово двенадцать?,двенадцать,,???????? ??? ?????????? ????????.
?????????? ??????????,????????? ?????,????,57.5544,53.0543,ДАРЯ: Как произносится слово двенадцать?,двенадцать,,???????? ??? ?????????? ????????.
?????????? ??????????,?????-?????????? ?????,?????-?????,57.1840,53.0100,ДАРЯ: Как произносится слово двенадцать?,двенадцать,,???????? ??? ?????????? ????????.
?????????? ??????????,????????? ?????,??????,57.6519,53.8097,ДАРЯ: Как произносится слово двенадцать?,двёнадцать,,???????? ??? ?????????? ????????.
?????????? ??????????,?????????? ?????,??????,57.2980,53.8800,ДАРЯ: Как произносится слово двенадцать?,двёнадцать,,???????? ??? ?????????? ????????.
?????????? ??????????,????????? ?????,??????,57.6519,53.8097,ДАРЯ: Как произносится слово ведро?,ведро,,???????? ??? ?????????? ????????.
?????????? ??????????,?????????? ?????,??????,57.2980,53.8800,ДАРЯ: Как произносится слово ведро?,ведро,,???????? ??? ?????????? ????????.
?????????? ??????????,?????????? ?????,??????????,56.9080,53.9010,ДАРЯ: Как произносится слово ведро?,ведро,,???????? ??? ?????????? ????????.
?????????? ??????????,???????????? ?????,?????????,56.7902,53.3764,ДАРЯ: Как произносится слово ведро?,вёдро,,???????? ??? ?????????? ????????.
?????????? ??????????,???????? ?????,???,56.9887,52.1853,ДАРЯ: Как произносится слово ведро?,вёдро,,???????? ??? ?????????? ????????.
?????????? ??????????,????????? ?????,?????,56.7750,51.9300,ДАРЯ: Как произносится слово лесок?,лесок,,???????? ??? ?????????? ????????.
?????????? ??????????,?????????? ?????,?????,57.1113,51.6149,ДАРЯ: Как произносится слово лесок?,лесок,,???????? ??? ?????????? ????????.
?????????? ??????????,?????????? ?????,??????,56.2741,51.5148,ДАРЯ: Как произносится слово лесок?,лёсок,,???????? ??? ?????????? ????????.
?????????? ??????????,????????? ?????,??????,56.1870,52.4790,ДАРЯ: Как произносится слово лесок?,лёсок,,???????? ??? ?????????? ????????.
?????????? ??????????,?????????? ?????,???????,56.0500,51.9670,ДАРЯ: Как произносится слово лесок?,лёсок,,???????? ??? ?????????? ????????.
?????????? ??????????,?????????????? ?????,????? ?????,56.5577,53.0014,ДАРЯ: Как произносится слово лесок?,лясок,,???????? ??? ?????????? ????????.
?????????? ??????????,?????????? ?????,??????,56.2741,51.5148,ДАРЯ: Как произносится слово седой?,седой,,???????? ??? ?????????? ????????.
?????????? ??????????,????????? ?????,??????,56.1870,52.4790,ДАРЯ: Как произносится слово седой?,седой,,???????? ??? ?????????? ????????.
?????????? ??????????,?????????? ?????,???????,56.0500,51.9670,ДАРЯ: Как произносится слово седой?,седой,,???????? ??? ?????????? ????????.
?????????? ??????????,?????????? ?????,??????? ???,56.5750,52.0400,ДАРЯ: Как произносится слово седой?,седой,,???????? ??? ?????????? ????????.
?????????? ??????????,????????? ?????,?????,56.7750,51.9300,ДАРЯ: Как произносится слово седой?,сёдой,,???????? ??? ?????????? ????????.
?????????? ??????????,?????????? ?????,?????,57.1113,51.6149,ДАРЯ: Как произносится слово седой?,сёдой,,???????? ??? ?????????? ????????.
?????????? ??????????,??????????? ?????,????????,57.9781,53.0135,ДАРЯ: Как произносится слово седой?,сядой,,???????? ??? ?????????? ????????.
?????????? ??????????,??????? ?????,???,57.8950,53.7130,ДАРЯ: Как произносится слово седой?,сядой,,???????? ??? ?????????? ????????.
?????????? ??????????,?. ?????,?????,56.4447,52.2277,ДАРЯ: Как произносится слово седой?,седой,,????????? ????????.
?????????? ??????????,???????????? ?????,?????????,56.7902,53.3764,ДАРЯ: Как произносится слово велю?,велю,,???????? ??? ?????????? ????????.
?????????? ??????????,???????? ?????,???,56.9887,52.1853,ДАРЯ: Как произносится слово велю?,велю,,???????? ??? ?????????? ????????.
?????????? ??????????,????????? ?????,????,57.5544,53.0543,ДАРЯ: Как произносится слово велю?,велю,,???????? ??? ?????????? ????????.
?????????? ??????????,?????-?????????? ?????,?????-?????,57.1840,53.0100,ДАРЯ: Как произносится слово велю?,велю,,???????? ??? ?????????? ????????.
?????????? ??????????,????????? ?????,??????,57.6519,53.8097,ДАРЯ: Как произносится слово велю?,вилю,,???????? ??? ?????????? ????????.
?????????? ??????????,?????????? ?????,??????,57.2980,53.8800,ДАРЯ: Как произносится слово велю?,вилю,,???????? ??? ?????????? ????????.
?????????? ??????????,??????????? ?????,????????,57.9781,53.0135,ДАРЯ: Как произносится слово велю?,вялю,вилю,???????? ??? ?????????? ????????.
?????????? ??????????,????????? ?????,??????,57.6519,53.8097,ДАРЯ: Как произносится выражение на семью?,на семью,,???????? ??? ?????????? ????????.
?????????? ??????????,?????????? ?????,??????,57.2980,53.8800,ДАРЯ: Как произносится выражение на семью?,на семью,,???????? ??? ?????????? ????????.
?????????? ??????????,?????????? ?????,??????????,56.9080,53.9010,ДАРЯ: Как произносится выражение на семью?,на семью,,???????? ??? ?????????? ????????.
?????????? ??????????,???????????? ?????,?????????,56.7902,53.3764,ДАРЯ: Как произносится выражение на семью?,на симью,,???????? ??? ?????????? ????????.
?????????? ??????????,???????? ?????,???,56.9887,52.1853,ДАРЯ: Как произносится выражение на семью?,на симью,,???????? ??? ?????????? ????????.
?????????? ??????????,????????? ?????,?????,56.7750,51.9300,ДАРЯ: Как произносится слово постелю?,постелю,,???????? ??? ?????????? ????????.
?????????? ??????????,?????????? ?????,?????,57.1113,51.6149,ДАРЯ: Как произносится слово постелю?,постелю,,???????? ??? ?????????? ????????.
?????????? ??????????,?????????? ?????,??????,56.2741,51.5148,ДАРЯ: Как произносится слово постелю?,постилю,постелю,???????? ??? ?????????? ????????.
?????????? ??????????,????????? ?????,??????,56.1870,52.4790,ДАРЯ: Как произносится слово постелю?,постилю,постелю,???????? ??? ?????????? ????????.
?????????? ??????????,?????????? ?????,???????,56.0500,51.9670,ДАРЯ: Как произносится слово постелю?,постилю,,???????? ??? ?????????? ????????.
?????????? ??????????,?????????????? ?????,????? ?????,56.5577,53.0014,ДАРЯ: Как произносится слово постелю?,постялю,,???????? ??? ?????????? ????????.
?????????? ??????????,????????????? ?????,??????????,56.0120,53.7060,ДАРЯ: Как произносится слово постелю?,постялю,,???????? ??? ?????????? ????????.
?????????? ??????????,?????????? ?????,??????,56.2741,51.5148,ДАРЯ: Как произносится слово принеси?,принеси,,???????? ??? ?????????? ????????.
?????????? ??????????,????????? ?????,??????,56.1870,52.4790,ДАРЯ: Как произносится слово принеси?,принеси,,???????? ??? ?????????? ????????.
?????????? ??????????,?????????? ?????,???????,56.0500,51.9670,ДАРЯ: Как произносится слово принеси?,принеси,,???????? ??? ?????????? ????????.
?????????? ??????????,?????????? ?????,??????? ???,56.5750,52.0400,ДАРЯ: Как произносится слово принеси?,принеси,,???????? ??? ?????????? ????????.
?????????? ??????????,????????? ?????,?????,56.7750,51.9300,ДАРЯ: Как произносится слово принеси?,приниси,,???????? ??? ?????????? ????????.
?????????? ??????????,?????????? ?????,?????,57.1113,51.6149,ДАРЯ: Как произносится слово принеси?,приниси,,???????? ??? ?????????? ????????.
?????????? ??????????,??????????? ?????,????????,57.9781,53.0135,ДАРЯ: Как произносится слово принеси?,приняси,,???????? ??? ?????????? ????????.
?????????? ??????????,????????? ?????,??????,57.6519,53.8097,ДАРЯ: Как произносится слово приведи?,приведи,,???????? ??? ?????????? ????????.
?????????? ??????????,?????????? ?????,??????,57.2980,53.8800,ДАРЯ: Как произносится слово приведи?,приведи,,???????? ??? ?????????? ????????.
?????????? ??????????,?????????? ?????,??????????,56.9080,53.9010,ДАРЯ: Как произносится слово приведи?,приведи,,???????? ??? ?????????? ????????.
?????????? ??????????,???????????? ?????,?????????,56.7902,53.3764,ДАРЯ: Как произносится слово приведи?,привиди,,???????? ??? ?????????? ????????.
?????????? ??????????,???????? ?????,???,56.9887,52.1853,ДАРЯ: Как произносится слово приведи?,привиди,,???????? ??? ?????????? ????????.
?????????? ??????????,???????????? ?????,?????????,56.7902,53.3764,ДАРЯ: Как произносится слово неделя?,неделя,ниделя,???????? ??? ?????????? ????????.
?????????? ??????????,???????? ?????,???,56.9887,52.1853,ДАРЯ: Как произносится слово неделя?,неделя,,???????? ??? ?????????? ????????.
?????????? ??????????,????????? ?????,????,57.5544,53.0543,ДАРЯ: Как произносится слово неделя?,неделя,,???????? ??? ?????????? ????????.
?????????? ??????????,?????-?????????? ?????,?????-?????,57.1840,53.0100,ДАРЯ: Как произносится слово неделя?,неделя,,???????? ??? ?????????? ????????.
?????????? ??????????,????????? ?????,??????,57.6519,53.8097,ДАРЯ: Как произносится слово неделя?,ниделя,,???????? ??? ?????????? ????????.
?????????? ??????????,?????????? ?????,??????,57.2980,53.8800,ДАРЯ: Как произносится слово неделя?,ниделя,,???????? ??? ?????????? ????????.
?????????? ??????????,?????????????? ?????,????? ?????,56.5577,53.0014,ДАРЯ: Как произносится слово телега?,телега,,???????? ??? ?????????? ????????.
?????????? ??????????,????????????? ?????,??????????,56.0120,53.7060,ДАРЯ: Как произносится слово телега?,телега,,???????? ??? ?????????? ????????.
?????????? ??????????,?????????? ?????,???????,56.3490,53.1240,ДАРЯ: Как произносится слово телега?,телега,,???????? ??? ?????????? ????????.
?????????? ??????????,???????????? ?????,???????,56.4210,53.7840,ДАРЯ: Как произносится слово телега?,телега,,???????? ??? ?????????? ????????.
?????????? ??????????,?????????? ?????,??????,56.2741,51.5148,ДАРЯ: Как произносится слово телега?,тилега,,???????? ??? ?????????? ????????.
?????????? ??????????,????????? ?????,??????,56.1870,52.4790,ДАРЯ: Как произносится слово телега?,тилега,,???????? ??? ?????????? ????????.
?????????? ??????????,???????????? ?????,?????????,56.7902,53.3764,ДАРЯ: Как произносится слово деревня?,деревня,,???????? ??? ?????????? ????????.
?????????? ??????????,???????? ?????,???,56.9887,52.1853,ДАРЯ: Как произносится слово деревня?,деревня,,???????? ??? ?????????? ????????.
?????????? ??????????,????????? ?????,????,57.5544,53.0543,ДАРЯ: Как произносится слово деревня?,деревня,,???????? ??? ?????????? ????????.
?????????? ??????????,?????-?????????? ?????,?????-?????,57.1840,53.0100,ДАРЯ: Как произносится слово деревня?,деревня,,???????? ??? ?????????? ????????.
?????????? ??????????,????????? ?????,??????,57.6519,53.8097,ДАРЯ: Как произносится слово деревня?,диревня,,???????? ??? ?????????? ????????.
?????????? ??????????,?????????? ?????,??????,57.2980,53.8800,ДАРЯ: Как произносится слово деревня?,диревня,,???????? ??? ?????????? ????????.
?????????? ??????????,??????????? ?????,????????,57.9781,53.0135,ДАРЯ: Как произносится слово деревня?,дяревня,,???????? ??? ?????????? ????????.
?????????? ??????????,?????????? ?????,??????,56.2741,51.5148,ДАРЯ: Как произносится слово семья?,семья,,???????? ??? ?????????? ????????.
?????????? ??????????,????????? ?????,??????,56.1870,52.4790,ДАРЯ: Как произносится слово семья?,семья,,???????? ??? ?????????? ????????.
?????????? ??????????,?????????? ?????,???????,56.0500,51.9670,ДАРЯ: Как произносится слово семья?,семья,симья,???????? ??? ?????????? ????????.
?????????? ??????????,?????????? ?????,??????? ???,56.5750,52.0400,ДАРЯ: Как произносится слово семья?,семья,симья,???????? ??? ?????????? ????????.
?????????? ??????????,????????? ?????,?????,56.7750,51.9300,ДАРЯ: Как произносится слово семья?,симья,,???????? ??? ?????????? ????????.
?????????? ??????????,?????????? ?????,?????,57.1113,51.6149,ДАРЯ: Как произносится слово семья?,симья,,???????? ??? ?????????? ????????.
?????????? ??????????,?. ?????,?????,56.4447,52.2277,ДАРЯ: Как произносится слово семья?,семья,,????????? ????????.
?????????? ??????????,????????? ?????,?????,56.7750,51.9300,ДАРЯ: Как произносится слово десятый?,десятый,,???????? ??? ?????????? ????????.
?????????? ??????????,?????????? ?????,?????,57.1113,51.6149,ДАРЯ: Как произносится слово десятый?,десятый,,???????? ??? ?????????? ????????.
?????????? ??????????,?????????? ?????,??????,56.2741,51.5148,ДАРЯ: Как произносится слово десятый?,дисятый,,???????? ??? ?????????? ????????.
?????????? ??????????,????????? ?????,??????,56.1870,52.4790,ДАРЯ: Как произносится слово десятый?,дисятый,,???????? ??? ?????????? ????????.
?????????? ??????????,?????????? ?????,???????,56.0500,51.9670,ДАРЯ: Как произносится слово десятый?,дисятый,,???????? ??? ?????????? ????????.
?????????? ??????????,?????????????? ?????,????? ?????,56.5577,53.0014,ДАРЯ: Как произносится слово десятый?,дясятый,дисятый,???????? ??? ?????????? ????????.
?????????? ??????????,????????????? ?????,??????????,56.0120,53.7060,ДАРЯ: Как произносится слово десятый?,дясятый,,???????? ??? ?????????? ????????.
?????????? ??????????,????????? ?????,??????,57.6519,53.8097,ДАРЯ: Как произносится слово пятак?,пятак,петак,???????? ??? ?????????? ????????.
?????????? ??????????,?????????? ?????,??????,57.2980,53.8800,ДАРЯ: Как произносится слово пятак?,пятак,петак,???????? ??? ?????????? ????????.
?????????? ??????????,?????????? ?????,??????????,56.9080,53.9010,ДАРЯ: Как произносится слово пятак?,пятак,,???????? ??? ?????????? ????????.
?????????? ??????????,???????????? ?????,?????????,56.7902,53.3764,ДАРЯ: Как произносится слово пятак?,петак,,???????? ??? ?????????? ????????.
?????????? ??????????,???????? ?????,???,56.9887,52.1853,ДАРЯ: Как произносится слово пятак?,петак,,???????? ??? ?????????? ????????.
?????????? ??????????,?????????? ?????,??????,56.2741,51.5148,ДАРЯ: Как произносится слово плясать?,плясать,,???????? ??? ?????????? ????????.
?????????? ??????????,????????? ?????,??????,56.1870,52.4790,ДАРЯ: Как произносится слово плясать?,плясать,,???????? ??? ?????????? ????????.
?????????? ??????????,?????????? ?????,???????,56.0500,51.9670,ДАРЯ: Как произносится слово плясать?,плясать,,???????? ??? ?????????? ????????.
?????????? ??????????,?????????? ?????,??????? ???,56.5750,52.0400,ДАРЯ: Как произносится слово плясать?,плясать,плесать,???????? ??? ?????????? ????????.
?????????? ??????????,????????? ?????,?????,56.7750,51.9300,ДАРЯ: Как произносится слово плясать?,плесать,,???????? ??? ?????????? ????????.
?????????? ??????????,?????????? ?????,?????,57.1113,51.6149,ДАРЯ: Как произносится слово плясать?,плесать,,???????? ??? ?????????? ????????.
?????????? ??????????,????????? ?????,??????,57.6519,53.8097,ЛАРНГ: Как называется картофель?,антиев хлеб,,???????? ??? ?????????? ????????.
?????????? ??????????,?????????? ?????,??????,57.2980,53.8800,ЛАРНГ: Как называется картофель?,антиев хлеб,,???????? ??? ?????????? ????????.
?????????? ??????????,?????????? ?????,??????????,56.9080,53.9010,ЛАРНГ: Как называется картофель?,антиев хлеб,,???????? ??? ?????????? ????????.
?????????? ??????????,???????????? ?????,?????????,56.7902,53.3764,ЛАРНГ: Как называется картофель?,барабошки,антиев хлеб,???????? ??? ?????????? ????????.
?????????? ??????????,???????? ?????,???,56.9887,52.1853,ЛАРНГ: Как называется картофель?,барабошки,антиев хлеб,???????? ??? ?????????? ????????.
?????????? ??????????,?????????????? ?????,????? ?????,56.5577,53.0014,ЛАРНГ: Как называется черемуха?,глатушка,,???????? ??? ?????????? ????????.
?????????? ??????????,????????????? ?????,??????????,56.0120,53.7060,ЛАРНГ: Как называется черемуха?,глатушка,глотиха,???????? ??? ?????????? ????????.
?????????? ??????????,?????????? ?????,???????,56.3490,53.1240,ЛАРНГ: Как называется черемуха?,глатушка,,???????? ??? ?????????? ????????.
?????????? ??????????,???????????? ?????,???????,56.4210,53.7840,ЛАРНГ: Как называется черемуха?,глатушка,,???????? ??? ?????????? ????????.
?????????? ??????????,?????????? ?????,??????,56.2741,51.5148,ЛАРНГ: Как называется черемуха?,глотиха,,???????? ??? ?????????? ????????.
?????????? ??????????,????????? ?????,??????,56.1870,52.4790,ЛАРНГ: Как называется черемуха?,глотиха,,???????? ??? ?????????? ????????.
?????????? ??????????,????????? ?????,?????,56.7750,51.9300,ЛАРНГ: Как называется черемуха?,засидиха,глотиха,???????? ??? ?????????? ????????.
?????????? ??????????,?????????? ?????,?????,57.1113,51.6149,ЛАРНГ: Как называется черемуха?,засидиха,глотиха,???????? ??? ?????????? ????????.
?????????? ??????????,????????? ?????,??????,57.6519,53.8097,ЛАРНГ: Как называется туман?,байча,вара,???????? ??? ?????????? ????????.
?????????? ??????????,?????????? ?????,??????,57.2980,53.8800,ЛАРНГ: Как называется туман?,байча,вара,???????? ??? ?????????? ????????.
?????????? ??????????,?????????? ?????,??????????,56.9080,53.9010,ЛАРНГ: Как называется туман?,байча,вара,???????? ??? ?????????? ????????.
?????????? ??????????,???????????? ?????,?????????,56.7902,53.3764,ЛАРНГ: Как называется туман?,вара,,???????? ??? ?????????? ????????.
?????????? ??????????,???????? ?????,???,56.9887,52.1853,ЛАРНГ: Как называется туман?,вара,,???????? ??? ?????????? ????????.
?????????? ??????????,?????????????? ?????,????? ?????,56.5577,53.0014,ЛАРНГ: Как называется воробей?,воробец,,???????? ??? ?????????? ????????.
?????????? ??????????,????????????? ?????,??????????,56.0120,53.7060,ЛАРНГ: Как называется воробей?,воробец,варакушка,???????? ??? ?????????? ????????.
?????????? ??????????,?????????? ?????,???????,56.3490,53.1240,ЛАРНГ: Как называется воробей?,воробец,,???????? ??? ?????????? ????????.
?????????? ??????????,???????????? ?????,???????,56.4210,53.7840,ЛАРНГ: Как называется воробей?,воробец,,???????? ??? ?????????? ????????.
?????????? ??????????,?????????? ?????,??????,56.2741,51.5148,ЛАРНГ: Как называется воробей?,варакушка,,???????? ??? ?????????? ????????.
?????????? ??????????,????????? ?????,??????,56.1870,52.4790,ЛАРНГ: Как называется воробей?,варакушка,,???????? ??? ?????????? ????????.
?????????? ??????????,?????????? ?????,??????,56.2741,51.5148,"ЛАРНГ: Как называется баня с печью, имеющей трубу и дымоход?",баня по-белому,баня по-чистому,???????? ??? ?????????? ????????.
?????????? ??????????,????????? ?????,??????,56.1870,52.4790,"ЛАРНГ: Как называется баня с печью, имеющей трубу и дымоход?",баня по-белому,баня по-чистому,???????? ??? ?????????? ????????.
?????????? ??????????,?????????? ?????,???????,56.0500,51.9670,"ЛАРНГ: Как называется баня с печью, имеющей трубу и дымоход?",баня по-белому,,???????? ??? ?????????? ????????.
?????????? ??????????,?????????? ?????,??????? ???,56.5750,52.0400,"ЛАРНГ: Как называется баня с печью, имеющей трубу и дымоход?",баня по-белому,,???????? ??? ?????????? ????????.
?????????? ??????????,????????? ?????,?????,56.7750,51.9300,"ЛАРНГ: Как называется баня с печью, имеющей трубу и дымоход?",баня по-чистому,,???????? ??? ?????????? ????????.
?????????? ??????????,?????????? ?????,?????,57.1113,51.6149,"ЛАРНГ: Как называется баня с печью, имеющей трубу и дымоход?",баня по-чистому,,???????? ??? ?????????? ????????.
?????????? ??????????,??????????? ?????,????????,57.9781,53.0135,"ЛАРНГ: Как называется баня с печью, имеющей трубу и дымоход?",белая баня,баня по-чистому,???????? ??? ?????????? ????????.
?????????? ??????????,?. ?????,?????,56.4447,52.2277,"ЛАРНГ: Как называется баня с печью, имеющей трубу и дымоход?",баня по-белому,,????????? ????????.
?????????? ??????????,??????????? ?????,????????,57.9781,53.0135,ЛАРНГ: Как называется подосиновик?,боровик,,???????? ??? ?????????? ????????.
?????????? ??????????,??????? ?????,???,57.8950,53.7130,ЛАРНГ: Как называется подосиновик?,боровик,,???????? ??? ?????????? ????????.
?????????? ??????????,????????????? ?????,?????????????,57.7040,52.4990,ЛАРНГ: Как называется подосиновик?,боровик,,???????? ??? ?????????? ????????.
?????????? ??????????,?????????? ?????,??????????,57.8870,52.2440,ЛАРНГ: Как называется подосиновик?,боровик,вешкарь,???????? ??? ?????????? ????????.
?????????? ??????????,????????? ?????,??????,57.6519,53.8097,ЛАРНГ: Как называется подосиновик?,вешкарь,,???????? ??? ?????????? ????????.
?????????? ??????????,?????????? ?????,??????,57.2980,53.8800,ЛАРНГ: Как называется подосиновик?,вешкарь,,???????? ??? ?????????? ????????.
?????????? ??????????,???????????? ?????,?????????,56.7902,53.3764,ЛАРНГ: Как называется подосиновик?,дубовик,,???????? ??? ?????????? ????????.
?????????? ??????????,???????????? ?????,?????????,56.7902,53.3764,ЛАРНГ: Как называется ладонь?,долонь,,???????? ??? ?????????? ????????.
?????????? ??????????,???????? ?????,???,56.9887,52.1853,ЛАРНГ: Как называется ладонь?,долонь,долоня,???????? ??? ?????????? ????????.
?????????? ??????????,????????? ?????,????,57.5544,53.0543,ЛАРНГ: Как называется ладонь?,долонь,,???????? ??? ?????????? ????????.
?????????? ??????????,?????-?????????? ?????,?????-?????,57.1840,53.0100,ЛАРНГ: Как называется ладонь?,долонь,,???????? ??? ?????????? ????????.
?????????? ??????????,????????? ?????,??????,57.6519,53.8097,ЛАРНГ: Как называется ладонь?,долоня,,???????? ??? ?????????? ????????.
?????????? ??????????,?????????? ?????,??????,57.2980,53.8800,ЛАРНГ: Как называется ладонь?,долоня,,???????? ??? ?????????? ????????.
?????????? ??????????,??????????? ?????,????????,57.9781,53.0135,ЛАРНГ: Как называется ладонь?,казанок,,???????? ??? ?????????? ????????.
?????????? ??????????,?. ??????,??????,56.8527,53.2115,ЛАРНГ: Как называется ладонь?,долонь,,????????? ????????.
?????????? ??????????,??????????? ?????,????????,57.9781,53.0135,ЛАРНГ: Как называется шиповник?,барашки,,???????? ??? ?????????? ????????.
?????????? ??????????,??????? ?????,???,57.8950,53.7130,ЛАРНГ: Как называется шиповник?,барашки,толовняник,???????? ??? ?????????? ????????.
?????????? ??????????,????????????? ?????,?????????????,57.7040,52.4990,ЛАРНГ: Как называется шиповник?,барашки,,???????? ??? ?????????? ????????.
?????????? ??????????,?????????? ?????,??????????,57.8870,52.2440,ЛАРНГ: Как называется шиповник?,барашки,,???????? ??? ?????????? ????????.
?????????? ??????????,????????? ?????,??????,57.6519,53.8097,ЛАРНГ: Как называется шиповник?,толовняник,,???????? ??? ?????????? ????????.
?????????? ??????????,?????????? ?????,??????,57.2980,53.8800,ЛАРНГ: Как называется шиповник?,толовняник,,???????? ??? ?????????? ????????.
?????????? ??????????,???????????? ?????,?????????,56.7902,53.3764,ЛАРНГ: Как называется шиповник?,толовняник,,???????? ??? ?????????? ????????.
?????????? ??????????,?. ??????,??????,58.1395,52.6580,ЛАРНГ: Как называется шиповник?,барашки,,????????? ????????.
?????????? ??????????,??????????? ?????,????????,57.9781,53.0135,ЛАРНГ: Как называется лягушка?,баковка,,???????? ??? ?????????? ????????.
?????????? ??????????,??????? ?????,???,57.8950,53.7130,ЛАРНГ: Как называется лягушка?,баковка,,???????? ??? ?????????? ????????.
?????????? ??????????,????????????? ?????,?????????????,57.7040,52.4990,ЛАРНГ: Как называется лягушка?,баковка,,???????? ??? ?????????? ????????.
?????????? ??????????,?????????? ?????,??????????,57.8870,52.2440,ЛАРНГ: Как называется лягушка?,баковка,,???????? ??? ?????????? ????????.
?????????? ??????????,????????? ?????,??????,57.6519,53.8097,ЛАРНГ: Как называется лягушка?,балахта,баковка,???????? ??? ?????????? ????????.
?????????? ??????????,?????????? ?????,??????,57.2980,53.8800,ЛАРНГ: Как называется лягушка?,балахта,баковка,???????? ??? ?????????? ????????.
?????????? ??????????,???????????? ?????,?????????,56.7902,53.3764,ЛАРНГ: Как называется лягушка?,бучень,,???????? ??? ?????????? ????????.
?????????? ??????????,???????? ?????,???,56.9887,52.1853,ЛАРНГ: Как называется лягушка?,бучень,,???????? ??? ?????????? ????????.
?????????? ??????????,?. ??????,??????,58.1395,52.6580,ЛАРНГ: Как называется лягушка?,баковка,балахта,????????? ????????.
?????????? ??????????,?????????? ?????,??????,56.2741,51.5148,ЛАРНГ: Как называется сарафан?,сарафанец,,???????? ??? ?????????? ????????.
?????????? ??????????,????????? ?????,??????,56.1870,52.4790,ЛАРНГ: Как называется сарафан?,сарафанец,,???????? ??? ?????????? ????????.
?????????? ??????????,?????????? ?????,???????,56.0500,51.9670,ЛАРНГ: Как называется сарафан?,сарафанец,,???????? ??? ?????????? ????????.
?????????? ??????????,?????????? ?????,??????? ???,56.5750,52.0400,ЛАРНГ: Как называется сарафан?,сарафанец,,???????? ??? ?????????? ????????.
?????????? ??????????,????????? ?????,?????,56.7750,51.9300,ЛАРНГ: Как называется сарафан?,сарафанёшко,,???????? ??? ?????????? ????????.
?????????? ??????????,?????????? ?????,?????,57.1113,51.6149,ЛАРНГ: Как называется сарафан?,сарафанёшко,,???????? ??? ?????????? ????????.
?????????? ??????????,?????????????? ?????,????? ?????,56.5577,53.0014,ЛАРНГ: Как называется роса?,заря,порось,???????? ??? ?????????? ????????.
?????????? ??????????,????????????? ?????,??????????,56.0120,53.7060,ЛАРНГ: Как называется роса?,заря,,???????? ??? ?????????? ????????.
?????????? ??????????,?????????? ?????,???????,56.3490,53.1240,ЛАРНГ: Как называется роса?,заря,,???????? ??? ?????????? ????????.
?????????? ??????????,???????????? ?????,???????,56.4210,53.7840,ЛАРНГ: Как называется роса?,заря,,???????? ??? ?????????? ????????.
?????????? ??????????,?????????? ?????,??????,56.2741,51.5148,ЛАРНГ: Как называется роса?,порось,,???????? ??? ?????????? ????????.
?????????? ??????????,????????? ?????,??????,56.1870,52.4790,ЛАРНГ: Как называется роса?,порось,,???????? ??? ?????????? ????????.
?????????? ??????????,????????? ?????,?????,56.7750,51.9300,ЛАРНГ: Как называется роса?,сухоросье,,???????? ??? ?????????? ????????.
?????????? ??????????,??????????? ?????,????????,57.9781,53.0135,ЛАРНГ: Как называется куст можжевельника?,брежевельник,,???????? ??? ?????????? ????????.
?????????? ??????????,??????? ?????,???,57.8950,53.7130,ЛАРНГ: Как называется куст можжевельника?,брежевельник,,???????? ??? ?????????? ????????.
?????????? ??????????,????????????? ?????,?????????????,57.7040,52.4990,ЛАРНГ: Как называется куст можжевельника?,брежевельник,,???????? ??? ?????????? ????????.
?????????? ??????????,?????????? ?????,??????????,57.8870,52.2440,ЛАРНГ: Как называется куст можжевельника?,брежевельник,,???????? ??? ?????????? ????????.
?????????? ??????????,????????? ?????,??????,57.6519,53.8097,ЛАРНГ: Как называется куст можжевельника?,вересина,брежевельник,???????? ??? ?????????? ????????.
?????????? ??????????,?????????? ?????,??????,57.2980,53.8800,ЛАРНГ: Как называется куст можжевельника?,вересина,брежевельник,???????? ??? ?????????? ????????.
?????????? ??????????,???????????? ?????,?????????,56.7902,53.3764,ЛАРНГ: Как называется куст можжевельника?,вересовое дерево,вересина,???????? ??? ?????????? ????????.
?????????? ??????????,???????? ?????,???,56.9887,52.1853,ЛАРНГ: Как называется куст можжевельника?,вересовое дерево,,???????? ??? ?????????? ????????.
?????????? ??????????,?. ????????,????????,57.0518,53.9872,ЛАРНГ: Как называется куст можжевельника?,брежевельник,,????????? ????????.
?????????? ??????????,????????? ?????,??????,57.6519,53.8097,ЛАРНГ: Как называется свинья?,жукалка,,???????? ??? ?????????? ????????.
?????????? ??????????,?????????? ?????,??????,57.2980,53.8800,ЛАРНГ: Как называется свинья?,жукалка,,???????? ??? ?????????? ????????.
?????????? ??????????,?????????? ?????,??????????,56.9080,53.9010,ЛАРНГ: Как называется свинья?,жукалка,,???????? ??? ?????????? ????????.
?????????? ??????????,???????????? ?????,?????????,56.7902,53.3764,ЛАРНГ: Как называется свинья?,рюха,жукалка,???????? ??? ?????????? ????????.
?????????? ??????????,???????? ?????,???,56.9887,52.1853,ЛАРНГ: Как называется свинья?,рюха,,???????? ??? ?????????? ????????.
?????????? ??????????,???????????? ?????,?????????,56.7902,53.3764,ЛАРНГ: Как называется свадебный хлеб?,каравай,,???????? ??? ?????????? ????????.
?????????? ??????????,???????? ?????,???,56.9887,52.1853,ЛАРНГ: Как называется свадебный хлеб?,каравай,,???????? ??? ?????????? ????????.
?????????? ??????????,????????? ?????,????,57.5544,53.0543,ЛАРНГ: Как называется свадебный хлеб?,каравай,,???????? ??? ?????????? ????????.
?????????? ??????????,?????-?????????? ?????,?????-?????,57.1840,53.0100,ЛАРНГ: Как называется свадебный хлеб?,каравай,,???????? ??? ?????????? ????????.
?????????? ??????????,????????? ?????,??????,57.6519,53.8097,ЛАРНГ: Как называется свадебный хлеб?,столовик,,???????? ??? ?????????? ????????.
?????????? ??????????,?????????? ?????,??????,57.2980,53.8800,ЛАРНГ: Как называется свадебный хлеб?,столовик,,???????? ??? ?????????? ????????.
?????????? ??????????,??????????? ?????,????????,57.9781,53.0135,ЛАРНГ: Как называется свадебный хлеб?,хлебиняка,,???????? ??? ?????????? ????????.
?????????? ??????????,??????? ?????,???,57.8950,53.7130,ЛАРНГ: Как называется свадебный хлеб?,хлебиняка,,???????? ??? ?????????? ????????.
?????????? ??????????,????????? ?????,??????,57.6519,53.8097,ЛАРНГ: Как называется духовая или русская печь?,варистая печь,,???????? ??? ?????????? ????????.
?????????? ??????????,?????????? ?????,??????,57.2980,53.8800,ЛАРНГ: Как называется духовая или русская печь?,варистая печь,,???????? ??? ?????????? ????????.
?????????? ??????????,?????????? ?????,??????????,56.9080,53.9010,ЛАРНГ: Как называется духовая или русская печь?,варистая печь,,???????? ??? ?????????? ????????.
?????????? ??????????,???????????? ?????,?????????,56.7902,53.3764,ЛАРНГ: Как называется духовая или русская печь?,русь-печь,,???????? ??? ?????????? ????????.
?????????? ??????????,???????? ?????,???,56.9887,52.1853,ЛАРНГ: Как называется духовая или русская печь?,русь-печь,,???????? ??? ?????????? ????????.
?????????? ??????????,????????? ?????,??????,57.6519,53.8097,ЛАРНГ: Как называется плод шиповника?,шипига,,???????? ??? ?????????? ????????.
?????????? ??????????,?????????? ?????,??????,57.2980,53.8800,ЛАРНГ: Как называется плод шиповника?,шипига,,???????? ??? ?????????? ????????.
?????????? ??????????,?????????? ?????,??????????,56.9080,53.9010,ЛАРНГ: Как называется плод шиповника?,шипига,,???????? ??? ?????????? ????????.
?????????? ??????????,???????????? ?????,?????????,56.7902,53.3764,ЛАРНГ: Как называется плод шиповника?,шипига,,???????? ??? ?????????? ????????.
?????????? ??????????,???????? ?????,???,56.9887,52.1853,ЛАРНГ: Как называется плод шиповника?,шипига,,???????? ??? ?????????? ????????.
?????????? ??????????,?????????? ?????,??????,56.2741,51.5148,ЛАРНГ: Как называется утка?,кряква,,???????? ??? ?????????? ????????.
?????????? ??????????,????????? ?????,??????,56.1870,52.4790,ЛАРНГ: Как называется утка?,кряква,,???????? ??? ?????????? ????????.
?????????? ??????????,?????????? ?????,???????,56.0500,51.9670,ЛАРНГ: Как называется утка?,кряква,крякова,???????? ??? ?????????? ????????.
?????????? ??????????,?????????? ?????,??????? ???,56.5750,52.0400,ЛАРНГ: Как называется утка?,кряква,,???????? ??? ?????????? ????????.
?????????? ??????????,????????? ?????,?????,56.7750,51.9300,ЛАРНГ: Как называется утка?,крякова,,???????? ??? ?????????? ????????.
?????????? ??????????,?????????? ?????,?????,57.1113,51.6149,ЛАРНГ: Как называется утка?,крякова,,???????? ??? ?????????? ????????.
?????????? ??????????,????????? ?????,?????,56.7750,51.9300,ЛАРНГ: Как называется морковь?,баркан,боркан,???????? ??? ?????????? ????????.
?????????? ??????????,?????????? ?????,?????,57.1113,51.6149,ЛАРНГ: Как называется морковь?,баркан,боркан,???????? ??? ?????????? ????????.
?????????? ??????????,?????????? ?????,??????,56.2741,51.5148,ЛАРНГ: Как называется морковь?,боркан,,???????? ??? ?????????? ????????.
?????????? ??????????,????????? ?????,??????,56.1870,52.4790,ЛАРНГ: Как называется морковь?,боркан,,???????? ??? ?????????? ????????.
?????????? ??????????,?????????? ?????,???????,56.0500,51.9670,ЛАРНГ: Как называется морковь?,боркан,,???????? ??? ?????????? ????????.
?????????? ??????????,?????????????? ?????,????? ?????,56.5577,53.0014,ЛАРНГ: Как называется морковь?,буркан,,???????? ??? ?????????? ????????.
?????????? ??????????,????????????? ?????,??????????,56.0120,53.7060,ЛАРНГ: Как называется морковь?,буркан,,???????? ??? ?????????? ????????.
?????????? ??????????,??????????? ?????,????????,57.9781,53.0135,ЛАРНГ: Как называется опенок?,березовик,,???????? ??? ?????????? ????????.
?????????? ??????????,??????? ?????,???,57.8950,53.7130,ЛАРНГ: Как называется опенок?,березовик,,???????? ??? ?????????? ????????.
?????????? ??????????,????????????? ?????,?????????????,57.7040,52.4990,ЛАРНГ: Как называется опенок?,березовик,,???????? ??? ?????????? ????????.
?????????? ??????????,?????????? ?????,??????????,57.8870,52.2440,ЛАРНГ: Как называется опенок?,березовик,,???????? ??? ?????????? ????????.
?????????? ??????????,????????? ?????,??????,57.6519,53.8097,ЛАРНГ: Как называется опенок?,говорушки,,???????? ??? ?????????? ????????.
?????????? ??????????,?????????? ?????,??????,57.2980,53.8800,ЛАРНГ: Как называется опенок?,говорушки,,???????? ??? ?????????? ????????.
?????????? ??????????,?. ??????,??????,58.1395,52.6580,ЛАРНГ: Как называется опенок?,березовик,,????????? ????????.
?????????? ??????????,?????????? ?????,??????,56.2741,51.5148,"ЛАРНГ: Как называется часть рукавицы или перчатки, покрывающая ладонь?",наладонка,наладона,???????? ??? ?????????? ????????.
?????????? ??????????,????????? ?????,??????,56.1870,52.4790,"ЛАРНГ: Как называется часть рукавицы или перчатки, покрывающая ладонь?",наладонка,наладона,???????? ??? ?????????? ????????.
?????????? ??????????,?????????? ?????,???????,56.0500,51.9670,"ЛАРНГ: Как называется часть рукавицы или перчатки, покрывающая ладонь?",наладонка,,???????? ??? ?????????? ????????.
?????????? ??????????,?????????? ?????,??????? ???,56.5750,52.0400,"ЛАРНГ: Как называется часть рукавицы или перчатки, покрывающая ладонь?",наладонка,,???????? ??? ?????????? ????????.
?????????? ??????????,????????? ?????,?????,56.7750,51.9300,"ЛАРНГ: Как называется часть рукавицы или перчатки, покрывающая ладонь?",наладона,наладонка,???????? ??? ?????????? ????????.
?????????? ??????????,?????????? ?????,?????,57.1113,51.6149,"ЛАРНГ: Как называется часть рукавицы или перчатки, покрывающая ладонь?",наладона,наладонка,???????? ??? ?????????? ????????.
?????????? ??????????,?????????? ?????,??????,56.2741,51.5148,ЛАРНГ: Как называется яма для стока воды в бане?,банева,,???????? ??? ?????????? ????????.
?????????? ??????????,????????? ?????,??????,56.1870,52.4790,ЛАРНГ: Как называется яма для стока воды в бане?,банева,,???????? ??? ?????????? ????????.
?????????? ??????????,?????????? ?????,???????,56.0500,51.9670,ЛАРНГ: Как называется яма для стока воды в бане?,банева,баневка,???????? ??? ?????????? ????????.
?????????? ??????????,?????????? ?????,??????? ???,56.5750,52.0400,ЛАРНГ: Как называется яма для стока воды в бане?,банева,баневка,???????? ??? ?????????? ????????.
?????????? ??????????,????????? ?????,?????,56.7750,51.9300,ЛАРНГ: Как называется яма для стока воды в бане?,баневка,,???????? ??? ?????????? ????????.
?????????? ??????????,?????????? ?????,?????,57.1113,51.6149,ЛАРНГ: Как называется яма для стока воды в бане?,баневка,,???????? ??? ?????????? ????????.
?????????? ??????????,??????????? ?????,????????,57.9781,53.0135,ЛАРНГ: Как называется яма для стока воды в бане?,баневка,,???????? ??? ?????????? ????????.
?????????? ??????????,?????????????? ?????,????? ?????,56.5577,53.0014,ЛАРНГ: Как называется иней?,вишай,,???????? ??? ?????????? ????????.
?????????? ??????????,????????????? ?????,??????????,56.0120,53.7060,ЛАРНГ: Как называется иней?,вишай,,???????? ??? ?????????? ????????.
?????????? ??????????,?????????? ?????,???????,56.3490,53.1240,ЛАРНГ: Как называется иней?,вишай,вишар,???????? ??? ?????????? ????????.
?????????? ??????????,???????????? ?????,???????,56.4210,53.7840,ЛАРНГ: Как называется иней?,вишай,вишар,???????? ??? ?????????? ????????.
?????????? ??????????,?????????? ?????,??????,56.2741,51.5148,ЛАРНГ: Как называется иней?,вишар,,???????? ??? ?????????? ????????.
?????????? ??????????,????????? ?????,??????,56.1870,52.4790,ЛАРНГ: Как называется иней?,вишар,,???????? ??? ?????????? ????????.
?????????? ??????????,????????? ?????,??????,57.6519,53.8097,ЛАРНГ: Как называются плоды дикой лесной яблони?,кислица,,???????? ??? ?????????? ????????.
?????????? ??????????,?????????? ?????,??????,57.2980,53.8800,ЛАРНГ: Как называются плоды дикой лесной яблони?,кислица,,???????? ??? ?????????? ????????.
?????????? ??????????,?????????? ?????,??????????,56.9080,53.9010,ЛАРНГ: Как называются плоды дикой лесной яблони?,кислица,,???????? ??? ?????????? ????????.
?????????? ??????????,???????????? ?????,?????????,56.7902,53.3764,ЛАРНГ: Как называются плоды дикой лесной яблони?,леснина,кислица,???????? ??? ?????????? ????????.
?????????? ??????????,???????? ?????,???,56.9887,52.1853,ЛАРНГ: Как называются плоды дикой лесной яблони?,леснина,кислица,???????? ??? ?????????? ????????.
?????????? ??????????,?????????????? ?????,????? ?????,56.5577,53.0014,ЛАРНГ: Как называется птенец сороки?,сорочонок,,???????? ??? ?????????? ????????.
?????????? ??????????,????????????? ?????,??????????,56.0120,53.7060,ЛАРНГ: Как называется птенец сороки?,сорочонок,,???????? ??? ?????????? ????????.
?????????? ??????????,?????????? ?????,???????,56.3490,53.1240,ЛАРНГ: Как называется птенец сороки?,сорочонок,,???????? ??? ?????????? ????????.
?????????? ??????????,???????????? ?????,???????,56.4210,53.7840,ЛАРНГ: Как называется птенец сороки?,сорочонок,,???????? ??? ?????????? ????????.
?????????? ??????????,?????????? ?????,??????,56.2741,51.5148,ЛАРНГ: Как называется птенец сороки?,сорочата,,???????? ??? ?????????? ????????.
?????????? ??????????,????????? ?????,??????,56.1870,52.4790,ЛАРНГ: Как называется птенец сороки?,сорочата,,???????? ??? ?????????? ????????.
?????????? ??????????,????????? ?????,?????,56.7750,51.9300,ЛАРНГ: Как называется птенец сороки?,сорочата,,???????? ??? ?????????? ????????.
?????????? ??????????,?????????? ?????,?????,57.1113,51.6149,ЛАРНГ: Как называется птенец сороки?,сорочата,,???????? ??? ?????????? ????????.
?????????? ??????????,?????????? ?????,????????,56.2660,54.2060,ЛАРНГ: Как называется птенец сороки?,сорочонок,,????????? ????????.
?????????? ??????????,?????????????? ?????,????? ?????,56.5577,53.0014,ЛАРНГ: Как называется плуг?,букарь,,???????? ??? ?????????? ????????.
?????????? ??????????,????????????? ?????,??????????,56.0120,53.7060,ЛАРНГ: Как называется плуг?,букарь,,???????? ??? ?????????? ????????.
?????????? ??????????,?????????? ?????,???????,56.3490,53.1240,ЛАРНГ: Как называется плуг?,букарь,,???????? ??? ?????????? ????????.
?????????? ??????????,???????????? ?????,???????,56.4210,53.7840,ЛАРНГ: Как называется плуг?,букарь,,???????? ??? ?????????? ????????.
?????????? ??????????,?????????? ?????,??????,56.2741,51.5148,ЛАРНГ: Как называется плуг?,букорь,,???????? ??? ?????????? ????????.
?????????? ??????????,????????? ?????,??????,56.1870,52.4790,ЛАРНГ: Как называется плуг?,букорь,,???????? ??? ?????????? ????????.
?????????? ??????????,???????????? ?????,?????????,56.7902,53.3764,ЛАРНГ: Как называется свекла?,ботва,,???????? ??? ?????????? ????????.
?????????? ??????????,???????? ?????,???,56.9887,52.1853,ЛАРНГ: Как называется свекла?,ботва,,???????? ??? ?????????? ????????.
?????????? ??????????,????????? ?????,????,57.5544,53.0543,ЛАРНГ: Как называется свекла?,ботва,,???????? ??? ?????????? ????????.
?????????? ??????????,?????-?????????? ?????,?????-?????,57.1840,53.0100,ЛАРНГ: Как называется свекла?,ботва,,???????? ??? ?????????? ????????.
?????????? ??????????,????????? ?????,??????,57.6519,53.8097,ЛАРНГ: Как называется свекла?,ботвинья,,???????? ??? ?????????? ????????.
?????????? ??????????,?????????? ?????,??????,57.2980,53.8800,ЛАРНГ: Как называется свекла?,ботвинья,,???????? ??? ?????????? ????????.
?????????? ??????????,??????????? ?????,????????,57.9781,53.0135,ЛАРНГ: Как называется свекла?,брюква,,???????? ??? ?????????? ????????.
?????????? ??????????,??????????? ?????,????????,57.9781,53.0135,"ЛАРНГ: Как называется метель, вьюга?",буерага,буранка,???????? ??? ?????????? ????????.
?????????? ??????????,??????? ?????,???,57.8950,53.7130,"ЛАРНГ: Как называется метель, вьюга?",буерага,,???????? ??? ?????????? ????????.
?????????? ??????????,????????????? ?????,?????????????,57.7040,52.4990,"ЛАРНГ: Как называется метель, вьюга?",буерага,буранка,???????? ??? ?????????? ????????.
?????????? ??????????,?????????? ?????,??????????,57.8870,52.2440,"ЛАРНГ: Как называется метель, вьюга?",буерага,,???????? ??? ?????????? ????????.
?????????? ??????????,????????? ?????,??????,57.6519,53.8097,"ЛАРНГ: Как называется метель, вьюга?",буранка,,???????? ??? ?????????? ????????.
?????????? ??????????,?????????? ?????,??????,57.2980,53.8800,"ЛАРНГ: Как называется метель, вьюга?",буранка,,???????? ??? ?????????? ????????.
?????????? ??????????,???????????? ?????,?????????,56.7902,53.3764,"ЛАРНГ: Как называется метель, вьюга?",бурун,,???????? ??? ?????????? ????????.
?????????? ??????????,???????? ?????,???,56.9887,52.1853,"ЛАРНГ: Как называется метель, вьюга?",бурун,,???????? ??? ?????????? ????????.
?????????? ??????????,?. ????????,????????,57.0518,53.9872,"ЛАРНГ: Как называется метель, вьюга?",буерага,буранка,????????? ????????.
?????????? ??????????,????????? ?????,??????,57.6519,53.8097,ЛАРНГ: Как называется можжевельник?,брезжевельник,,???????? ??? ?????????? ????????.
?????????? ??????????,?????????? ?????,??????,57.2980,53.8800,ЛАРНГ: Как называется можжевельник?,брезжевельник,,???????? ??? ?????????? ????????.
?????????? ??????????,?????????? ?????,??????????,56.9080,53.9010,ЛАРНГ: Как называется можжевельник?,брезжевельник,,???????? ??? ?????????? ????????.
?????????? ??????????,???????????? ?????,?????????,56.7902,53.3764,ЛАРНГ: Как называется можжевельник?,верезовник,,???????? ??? ?????????? ????????.
?????????? ??????????,???????? ?????,???,56.9887,52.1853,ЛАРНГ: Как называется можжевельник?,верезовник,,???????? ??? ?????????? ????????.
?????????? ??????????,????????? ?????,?????,56.7750,51.9300,ЛАРНГ: Как называется дойная корова?,безыдейная корова,,???????? ??? ?????????? ????????.
?????????? ??????????,?????????? ?????,?????,57.1113,51.6149,ЛАРНГ: Как называется дойная корова?,безыдейная корова,,???????? ??? ?????????? ????????.
?????????? ??????????,?????????? ?????,??????,56.2741,51.5148,ЛАРНГ: Как называется дойная корова?,боровчаниха,,???????? ??? ?????????? ????????.
?????????? ??????????,????????? ?????,??????,56.1870,52.4790,ЛАРНГ: Как называется дойная корова?,боровчаниха,,???????? ??? ?????????? ????????.
?????????? ??????????,?????????? ?????,???????,56.0500,51.9670,ЛАРНГ: Как называется дойная корова?,боровчаниха,,???????? ??? ?????????? ????????.
?????????? ??????????,?????????????? ?????,????? ?????,56.5577,53.0014,ЛАРНГ: Как называется дойная корова?,ведёрница,боровчаниха,???????? ??? ?????????? ????????.
?????????? ??????????,????????????? ?????,??????????,56.0120,53.7060,ЛАРНГ: Как называется дойная корова?,ведёрница,,???????? ??? ?????????? ????????.
?????????? ??????????,????????? ?????,??????,57.6519,53.8097,ЛАРНГ: Как называется волоковое оконце для выпуска пара?,придушок,,???????? ??? ?????????? ????????.
?????????? ??????????,?????????? ?????,??????,57.2980,53.8800,ЛАРНГ: Как называется волоковое оконце для выпуска пара?,придушок,,???????? ??? ?????????? ????????.
?????????? ??????????,?????????? ?????,??????????,56.9080,53.9010,ЛАРНГ: Как называется волоковое оконце для выпуска пара?,придушок,,???????? ??? ?????????? ????????.
?????????? ??????????,???????????? ?????,?????????,56.7902,53.3764,ЛАРНГ: Как называется волоковое оконце для выпуска пара?,придушок,,???????? ??? ?????????? ????????.
?????????? ??????????,???????? ?????,???,56.9887,52.1853,ЛАРНГ: Как называется волоковое оконце для выпуска пара?,придушок,,???????? ??? ?????????? ????????.
?????????? ??????????,????????? ?????,??????,57.6519,53.8097,ЛАРНГ: Как называется сыроежка?,бурянка,,???????? ??? ?????????? ????????.
?????????? ??????????,?????????? ?????,??????,57.2980,53.8800,ЛАРНГ: Как называется сыроежка?,бурянка,,???????? ??? ?????????? ????????.
?????????? ??????????,?????????? ?????,??????????,56.9080,53.9010,ЛАРНГ: Как называется сыроежка?,бурянка,,???????? ??? ?????????? ????????.
?????????? ??????????,???????????? ?????,?????????,56.7902,53.3764,ЛАРНГ: Как называется сыроежка?,горяха,,???????? ??? ?????????? ????????.
?????????? ??????????,???????? ?????,???,56.9887,52.1853,ЛАРНГ: Как называется сыроежка?,горяха,,???????? ??? ?????????? ????????.
?????????? ??????????,????????? ?????,?????,56.7750,51.9300,ЛАРНГ: Как называется самка воробья?,воробка,,???????? ??? ?????????? ????????.
?????????? ??????????,?????????? ?????,?????,57.1113,51.6149,ЛАРНГ: Как называется самка воробья?,воробка,,???????? ??? ?????????? ????????.
?????????? ??????????,?????????? ?????,??????,56.2741,51.5148,ЛАРНГ: Как называется самка воробья?,веребеечка,,???????? ??? ?????????? ????????.
?????????? ??????????,????????? ?????,??????,56.1870,52.4790,ЛАРНГ: Как называется самка воробья?,веребеечка,,???????? ??? ?????????? ????????.
?????????? ??????????,?????????? ?????,???????,56.0500,51.9670,ЛАРНГ: Как называется самка воробья?,веребеечка,,???????? ??? ?????????? ????????.
?????????? ??????????,?????????????? ?????,????? ?????,56.5577,53.0014,ЛАРНГ: Как называется самка воробья?,воробьиха,,???????? ??? ?????????? ????????.
?????????? ??????????,?????????? ?????,??????,56.2741,51.5148,"ЛАРНГ: Как называется проливной дождь, ливень?",дожжака,,???????? ??? ?????????? ????????.
?????????? ??????????,????????? ?????,??????,56.1870,52.4790,"ЛАРНГ: Как называется проливной дождь, ливень?",дожжака,,???????? ??? ?????????? ????????.
?????????? ??????????,?????????? ?????,???????,56.0500,51.9670,"ЛАРНГ: Как называется проливной дождь, ливень?",дожжака,,???????? ??? ?????????? ????????.
?????????? ??????????,?????????? ?????,??????? ???,56.5750,52.0400,"ЛАРНГ: Как называется проливной дождь, ливень?",дожжака,,???????? ??? ?????????? ????????.
?????????? ??????????,????????? ?????,?????,56.7750,51.9300,"ЛАРНГ: Как называется проливной дождь, ливень?",завальной дождь,,???????? ??? ?????????? ????????.
?????????? ??????????,?????????? ?????,?????,57.1113,51.6149,"ЛАРНГ: Как называется проливной дождь, ливень?",завальной дождь,,???????? ??? ?????????? ????????.
?????????? ??????????,???????????? ?????,?????????,56.7902,53.3764,ЛАРНГ: Как называются лапти из лыка?,лычники,лычные лапти,???????? ??? ?????????? ????????.
?????????? ??????????,???????? ?????,???,56.9887,52.1853,ЛАРНГ: Как называются лапти из лыка?,лычники,,???????? ??? ?????????? ????????.
?????????? ??????????,????????? ?????,????,57.5544,53.0543,ЛАРНГ: Как называются лапти из лыка?,лычники,,???????? ??? ?????????? ????????.
?????????? ??????????,?????-?????????? ?????,?????-?????,57.1840,53.0100,ЛАРНГ: Как называются лапти из лыка?,лычники,,???????? ??? ?????????? ????????.
?????????? ??????????,????????? ?????,??????,57.6519,53.8097,ЛАРНГ: Как называются лапти из лыка?,лычные лапти,,???????? ??? ?????????? ????????.
?????????? ??????????,?????????? ?????,??????,57.2980,53.8800,ЛАРНГ: Как называются лапти из лыка?,лычные лапти,,???????? ??? ?????????? ????????.
?????????? ??????????,??????????? ?????,????????,57.9781,53.0135,ЛАРНГ: Как называются лапти из лыка?,лычные лапти,,???????? ??? ?????????? ????????.
?????????? ??????????,????????? ?????,??????,57.6519,53.8097,"ЛАРНГ: Как называются упавшие на землю плоды (орехи, шишки, яблоки)?",падалец,,???????? ??? ?????????? ????????.
?????????? ??????????,?????????? ?????,??????,57.2980,53.8800,"ЛАРНГ: Как называются упавшие на землю плоды (орехи, шишки, яблоки)?",падалец,,???????? ??? ?????????? ????????.
?????????? ??????????,?????????? ?????,??????????,56.9080,53.9010,"ЛАРНГ: Как называются упавшие на землю плоды (орехи, шишки, яблоки)?",падалец,,???????? ??? ?????????? ????????.
?????????? ??????????,???????????? ?????,?????????,56.7902,53.3764,"ЛАРНГ: Как называются упавшие на землю плоды (орехи, шишки, яблоки)?",пиданица,падалец,???????? ??? ?????????? ????????.
?????????? ??????????,???????? ?????,???,56.9887,52.1853,"ЛАРНГ: Как называются упавшие на землю плоды (орехи, шишки, яблоки)?",пиданица,,???????? ??? ?????????? ????????.
?????????? ??????????,????????? ?????,??????,57.6519,53.8097,ЛАРНГ: Как называется рыжик?,боровик,,???????? ??? ?????????? ????????.
?????????? ??????????,?????????? ?????,??????,57.2980,53.8800,ЛАРНГ: Как называется рыжик?,боровик,,???????? ??? ?????????? ????????.
?????????? ??????????,?????????? ?????,??????????,56.9080,53.9010,ЛАРНГ: Как называется рыжик?,боровик,,???????? ??? ?????????? ????????.
?????????? ??????????,???????????? ?????,?????????,56.7902,53.3764,ЛАРНГ: Как называется рыжик?,бабье ухо,,???????? ??? ?????????? ????????.
?????????? ??????????,???????? ?????,???,56.9887,52.1853,ЛАРНГ: Как называется рыжик?,бабье ухо,,???????? ??? ?????????? ????????.
?????????? ??????????,??????????? ?????,????????,57.9781,53.0135,ЛАРНГ: Как называется лошадь?,варжа,,???????? ??? ?????????? ????????.
?????????? ??????????,??????? ?????,???,57.8950,53.7130,ЛАРНГ: Как называется лошадь?,варжа,,???????? ??? ?????????? ????????.
?????????? ??????????,????????????? ?????,?????????????,57.7040,52.4990,ЛАРНГ: Как называется лошадь?,варжа,,???????? ??? ?????????? ????????.
?????????? ??????????,?????????? ?????,??????????,57.8870,52.2440,ЛАРНГ: Как называется лошадь?,варжа,,???????? ??? ?????????? ????????.
?????????? ??????????,????????? ?????,??????,57.6519,53.8097,ЛАРНГ: Как называется лошадь?,ивка,варжа,???????? ??? ?????????? ????????.
?????????? ??????????,?????????? ?????,??????,57.2980,53.8800,ЛАРНГ: Как называется лошадь?,ивка,варжа,???????? ??? ?????????? ????????.
?????????? ??????????,???????????? ?????,?????????,56.7902,53.3764,"ЛАРНГ: Как называется крыльцо, устроенное на концах бревен, выступающих из сруба дома?",крыльцо на выпусках,крыльцо на помочах,???????? ??? ?????????? ????????.
?????????? ??????????,???????? ?????,???,56.9887,52.1853,"ЛАРНГ: Как называется крыльцо, устроенное на концах бревен, выступающих из сруба дома?",крыльцо на выпусках,,???????? ??? ?????????? ????????.
?????????? ??????????,????????? ?????,????,57.5544,53.0543,"ЛАРНГ: Как называется крыльцо, устроенное на концах бревен, выступающих из сруба дома?",крыльцо на выпусках,,???????? ??? ?????????? ????????.
?????????? ??????????,?????-?????????? ?????,?????-?????,57.1840,53.0100,"ЛАРНГ: Как называется крыльцо, устроенное на концах бревен, выступающих из сруба дома?",крыльцо на выпусках,,???????? ??? ?????????? ????????.
?????????? ??????????,????????? ?????,??????,57.6519,53.8097,"ЛАРНГ: Как называется крыльцо, устроенное на концах бревен, выступающих из сруба дома?",крыльцо на помочах,,???????? ??? ?????????? ????????.
?????????? ??????????,?????????? ?????,??????,57.2980,53.8800,"ЛАРНГ: Как называется крыльцо, устроенное на концах бревен, выступающих из сруба дома?",крыльцо на помочах,,???????? ??? ?????????? ????????.
?????????? ??????????,??????????? ?????,????????,57.9781,53.0135,"ЛАРНГ: Как называется крыльцо, устроенное на концах бревен, выступающих из сруба дома?",висячее крыльцо,,???????? ??? ?????????? ????????.
?????????? ??????????,??????? ?????,???,57.8950,53.7130,"ЛАРНГ: Как называется крыльцо, устроенное на концах бревен, выступающих из сруба дома?",висячее крыльцо,,???????? ??? ?????????? ????????.
?????????? ??????????,?. ??????,??????,56.8527,53.2115,"ЛАРНГ: Как называется крыльцо, устроенное на концах бревен, выступающих из сруба дома?",крыльцо на выпусках,,????????? ????????.
?????????? ??????????,???????????? ?????,?????????,56.7902,53.3764,ЛАРНГ: Как называется внешняя сторона рукавицы?,затыльник,,???????? ??? ?????????? ????????.
?????????? ??????????,???????? ?????,???,56.9887,52.1853,ЛАРНГ: Как называется внешняя сторона рукавицы?,затыльник,,???????? ??? ?????????? ????????.
?????????? ??????????,????????? ?????,????,57.5544,53.0543,ЛАРНГ: Как называется внешняя сторона рукавицы?,затыльник,,???????? ??? ?????????? ????????.
?????????? ??????????,?????-?????????? ?????,?????-?????,57.1840,53.0100,ЛАРНГ: Как называется внешняя сторона рукавицы?,затыльник,,???????? ??? ?????????? ????????.
?????????? ??????????,????????? ?????,??????,57.6519,53.8097,ЛАРНГ: Как называется внешняя сторона рукавицы?,затыльник,,???????? ??? ?????????? ????????.
?????????? ??????????,?????????? ?????,??????,57.2980,53.8800,ЛАРНГ: Как называется внешняя сторона рукавицы?,затыльник,,???????? ??? ?????????? ????????.
?????????? ??????????,??????????? ?????,????????,57.9781,53.0135,ЛАРНГ: Как называется внешняя сторона рукавицы?,затыльник,,???????? ??? ?????????? ????????.
?????????? ??????????,?????????? ?????,??????,56.2741,51.5148,ЛАРНГ: Как называются ягоды черемухи?,засадиха,золотуха,???????? ??? ?????????? ????????.
?????????? ??????????,????????? ?????,??????,56.1870,52.4790,ЛАРНГ: Как называются ягоды черемухи?,засадиха,золотуха,???????? ??? ?????????? ????????.
?????????? ??????????,?????????? ?????,???????,56.0500,51.9670,ЛАРНГ: Как называются ягоды черемухи?,засадиха,,???????? ??? ?????????? ????????.
?????????? ??????????,?????????? ?????,??????? ???,56.5750,52.0400,ЛАРНГ: Как называются ягоды черемухи?,засадиха,,???????? ??? ?????????? ????????.
?????????? ??????????,????????? ?????,?????,56.7750,51.9300,ЛАРНГ: Как называются ягоды черемухи?,золотуха,,???????? ??? ?????????? ????????.
?????????? ??????????,?????????? ?????,?????,57.1113,51.6149,ЛАРНГ: Как называются ягоды черемухи?,золотуха,,???????? ??? ?????????? ????????.
?????????? ??????????,??????????? ?????,????????,57.9781,53.0135,ЛАРНГ: Как называются ягоды черемухи?,золотуха,,???????? ??? ?????????? ????????.
?????????? ??????????,?????????? ?????,??????,56.2741,51.5148,"ЛАРНГ: Как называется сильная метель, буран?",буерага,,???????? ??? ?????????? ????????.
?????????? ??????????,????????? ?????,??????,56.1870,52.4790,"ЛАРНГ: Как называется сильная метель, буран?",буерага,,???????? ??? ?????????? ????????.
?????????? ??????????,?????????? ?????,???????,56.0500,51.9670,"ЛАРНГ: Как называется сильная метель, буран?",буерага,,???????? ??? ?????????? ????????.
?????????? ??????????,?????????? ?????,??????? ???,56.5750,52.0400,"ЛАРНГ: Как называется сильная метель, буран?",буерага,,???????? ??? ?????????? ????????.
?????????? ??????????,????????? ?????,?????,56.7750,51.9300,"ЛАРНГ: Как называется сильная метель, буран?",верховка,буерага,???????? ??? ?????????? ????????.
?????????? ??????????,?????????? ?????,?????,57.1113,51.6149,"ЛАРНГ: Как называется сильная метель, буран?",верховка,буерага,???????? ??? ?????????? ????????.
?????????? ??????????,??????????? ?????,????????,57.9781,53.0135,"ЛАРНГ: Как называется сильная метель, буран?",верхоплясница,,???????? ??? ?????????? ????????.
?????????? ??????????,??????? ?????,???,57.8950,53.7130,"ЛАРНГ: Как называется сильная метель, буран?",верхоплясница,,???????? ??? ?????????? ????????.
?????????? ??????????,????????? ?????,??????,57.6519,53.8097,ЛАРНГ: Как называется банный чердак?,надбайник,набанник,???????? ??? ?????????? ????????.
?????????? ??????????,?????????? ?????,??????,57.2980,53.8800,ЛАРНГ: Как называется банный чердак?,надбайник,набанник,???????? ??? ?????????? ????????.
?????????? ??????????,?????????? ?????,??????????,56.9080,53.9010,ЛАРНГ: Как называется банный чердак?,надбайник,,???????? ??? ?????????? ????????.
?????????? ??????????,???????????? ?????,?????????,56.7902,53.3764,ЛАРНГ: Как называется банный чердак?,набанник,,???????? ??? ?????????? ????????.
?????????? ??????????,???????? ?????,???,56.9887,52.1853,ЛАРНГ: Как называется банный чердак?,набанник,,???????? ??? ?????????? ????????.
?????????? ??????????,????????? ?????,??????,57.6519,53.8097,ЛАРНГ: Как называется свадебный подарок молодым?,дарун,,???????? ??? ?????????? ????????.
?????????? ??????????,?????????? ?????,??????,57.2980,53.8800,ЛАРНГ: Как называется свадебный подарок молодым?,дарун,,???????? ??? ?????????? ????????.
?????????? ??????????,?????????? ?????,??????????,56.9080,53.9010,ЛАРНГ: Как называется свадебный подарок молодым?,дарун,,???????? ??? ?????????? ????????.
?????????? ??????????,???????????? ?????,?????????,56.7902,53.3764,ЛАРНГ: Как называется свадебный подарок молодым?,дарева,,???????? ??? ?????????? ????????.
?????????? ??????????,???????? ?????,???,56.9887,52.1853,ЛАРНГ: Как называется свадебный подарок молодым?,дарева,,???????? ??? ?????????? ????????.
?????????? ??????????,?????????? ?????,??????,56.2741,51.5148,ЛАРНГ: Как называется сорока?,белозобка,,???????? ??? ?????????? ????????.
?????????? ??????????,????????? ?????,??????,56.1870,52.4790,ЛАРНГ: Как называется сорока?,белозобка,,???????? ??? ?????????? ????????.
?????????? ??????????,?????????? ?????,???????,56.0500,51.9670,ЛАРНГ: Как называется сорока?,белозобка,,???????? ??? ?????????? ????????.
?????????? ??????????,?????????? ?????,??????? ???,56.5750,52.0400,ЛАРНГ: Как называется сорока?,белозобка,,???????? ??? ?????????? ????????.
?????????? ??????????,????????? ?????,?????,56.7750,51.9300,ЛАРНГ: Как называется сорока?,белосизка,,???????? ??? ?????????? ????????.
?????????? ??????????,?????????? ?????,?????,57.1113,51.6149,ЛАРНГ: Как называется сорока?,белосизка,,???????? ??? ?????????? ????????.
?????????? ??????????,??????????? ?????,????????,57.9781,53.0135,ЛАРНГ: Как называется сорока?,ведьма,,???????? ??? ?????????? ????????.
?????????? ??????????,??????? ?????,???,57.8950,53.7130,ЛАРНГ: Как называется сорока?,ведьма,,???????? ??? ?????????? ????????.
?????????? ??????????,?. ?????,?????,56.4447,52.2277,ЛАРНГ: Как называется сорока?,белозобка,,????????? ????????.
?????????? ??????????,?????????? ?????,??????,56.2741,51.5148,ЛАРНГ: Как называется пресное тесто?,варенец,загуста,???????? ??? ?????????? ????????.
?????????? ??????????,????????? ?????,??????,56.1870,52.4790,ЛАРНГ: Как называется пресное тесто?,варенец,загуста,???????? ??? ?????????? ????????.
?????????? ??????????,?????????? ?????,???????,56.0500,51.9670,ЛАРНГ: Как называется пресное тесто?,варенец,,???????? ??? ?????????? ????????.
?????????? ??????????,?????????? ?????,??????? ???,56.5750,52.0400,ЛАРНГ: Как называется пресное тесто?,варенец,,???????? ??? ?????????? ????????.
?????????? ??????????,????????? ?????,?????,56.7750,51.9300,ЛАРНГ: Как называется пресное тесто?,загуста,,???????? ??? ?????????? ????????.
?????????? ??????????,?????????? ?????,?????,57.1113,51.6149,ЛАРНГ: Как называется пресное тесто?,загуста,,???????? ??? ?????????? ????????.
?????????? ??????????,??????????? ?????,????????,57.9781,53.0135,ЛАРНГ: Как называется пресное тесто?,обыденка,,???????? ??? ?????????? ????????.
?????????? ??????????,??????? ?????,???,57.8950,53.7130,ЛАРНГ: Как называется пресное тесто?,обыденка,,???????? ??? ?????????? ????????.
?????????? ??????????,?. ?????,?????,56.4447,52.2277,ЛАРНГ: Как называется пресное тесто?,варенец,,????????? ????????.
?????????? ??????????,?????????????? ?????,????? ?????,56.5577,53.0014,ЛАРНГ: Как называется птенец утки?,утенок,,???????? ??? ?????????? ????????.
?????????? ??????????,????????????? ?????,??????????,56.0120,53.7060,ЛАРНГ: Как называется птенец утки?,утенок,,???????? ??? ?????????? ????????.
?????????? ??????????,?????????? ?????,???????,56.3490,53.1240,ЛАРНГ: Как называется птенец утки?,утенок,,???????? ??? ?????????? ????????.
?????????? ??????????,???????????? ?????,???????,56.4210,53.7840,ЛАРНГ: Как называется птенец утки?,утенок,,???????? ??? ?????????? ????????.
?????????? ??????????,?????????? ?????,??????,56.2741,51.5148,ЛАРНГ: Как называется птенец утки?,утяк,,???????? ??? ?????????? ????????.
?????????? ??????????,????????? ?????,??????,56.1870,52.4790,ЛАРНГ: Как называется птенец утки?,утяк,,???????? ??? ?????????? ????????.
?????????? ??????????,??????????? ?????,????????,57.9781,53.0135,ЛАРНГ: Как называется запястье?,гребля,,???????? ??? ?????????? ????????.
?????????? ??????????,??????? ?????,???,57.8950,53.7130,ЛАРНГ: Как называется запястье?,гребля,,???????? ??? ?????????? ????????.
?????????? ??????????,????????????? ?????,?????????????,57.7040,52.4990,ЛАРНГ: Как называется запястье?,гребля,,???????? ??? ?????????? ????????.
?????????? ??????????,?????????? ?????,??????????,57.8870,52.2440,ЛАРНГ: Как называется запястье?,гребля,козлок,???????? ??? ?????????? ????????.
?????????? ??????????,????????? ?????,??????,57.6519,53.8097,ЛАРНГ: Как называется запястье?,козлок,,???????? ??? ?????????? ????????.
?????????? ??????????,?????????? ?????,??????,57.2980,53.8800,ЛАРНГ: Как называется запястье?,козлок,,???????? ??? ?????????? ????????.
?????????? ??????????,?. ??????,??????,58.1395,52.6580,ЛАРНГ: Как называется запястье?,гребля,,????????? ????????.
?????????? ??????????,????????? ?????,?????,56.7750,51.9300,ЛАРНГ: Как называется лестница?,леска,,???????? ??? ?????????? ????????.
?????????? ??????????,?????????? ?????,?????,57.1113,51.6149,ЛАРНГ: Как называется лестница?,леска,,???????? ??? ?????????? ????????.
?????????? ??????????,?????????? ?????,??????,56.2741,51.5148,ЛАРНГ: Как называется лестница?,сходцы,,???????? ??? ?????????? ????????.
?????????? ??????????,????????? ?????,??????,56.1870,52.4790,ЛАРНГ: Как называется лестница?,сходцы,,???????? ??? ?????????? ????????.
?????????? ??????????,?????????? ?????,???????,56.0500,51.9670,ЛАРНГ: Как называется лестница?,сходцы,,???????? ??? ?????????? ????????.
?????????? ??????????,?????????????? ?????,????? ?????,56.5577,53.0014,ЛАРНГ: Как называется лестница?,сходцы,,???????? ??? ?????????? ????????.
?????????? ??????????,?????????????? ?????,????? ?????,56.5577,53.0014,ЛАРНГ: Как называется борона?,борна,,???????? ??? ?????????? ????????.
?????????? ??????????,????????????? ?????,??????????,56.0120,53.7060,ЛАРНГ: Как называется борона?,борна,боронь,???????? ??? ?????????? ????????.
?????????? ??????????,?????????? ?????,???????,56.3490,53.1240,ЛАРНГ: Как называется борона?,борна,,???????? ??? ?????????? ????????.
?????????? ??????????,???????????? ?????,???????,56.4210,53.7840,ЛАРНГ: Как называется борона?,борна,,???????? ??? ?????????? ????????.
?????????? ??????????,?????????? ?????,??????,56.2741,51.5148,ЛАРНГ: Как называется борона?,боронь,,???????? ??? ?????????? ????????.
?????????? ??????????,????????? ?????,??????,56.1870,52.4790,ЛАРНГ: Как называется борона?,боронь,,???????? ??? ?????????? ????????.
?????????? ??????????,?????????????? ?????,????? ?????,56.5577,53.0014,ЛАРНГ: Как называется масленок?,валун,,???????? ??? ?????????? ????????.
?????????? ??????????,????????????? ?????,??????????,56.0120,53.7060,ЛАРНГ: Как называется масленок?,валун,вешкарь,???????? ??? ?????????? ????????.
?????????? ??????????,?????????? ?????,???????,56.3490,53.1240,ЛАРНГ: Как называется масленок?,валун,,???????? ??? ?????????? ????????.
?????????? ??????????,???????????? ?????,???????,56.4210,53.7840,ЛАРНГ: Как называется масленок?,валун,,???????? ??? ?????????? ????????.
?????????? ??????????,?????????? ?????,??????,56.2741,51.5148,ЛАРНГ: Как называется масленок?,вешкарь,валун,???????? ??? ?????????? ????????.
?????????? ??????????,????????? ?????,??????,56.1870,52.4790,ЛАРНГ: Как называется масленок?,вешкарь,валун,???????? ??? ?????????? ????????.
