example_id,feature_id,section,subsection,feature_name,transcription_example,source_file,source_pages,notes
V001_EX1,V001,Гласные,Ударный вокализм,Реализация древней фонемы < ê > (ѣ / «ять»),[д’ê]ло; [св’ê]т; по[л’ê]но; [л’ê]то,2_TiPVDiLGRYa_Ud-Vok.pdf,2-3,Сохранить специальные знаки транскрипции
V001_EX2,V001,Гласные,Ударный вокализм,Реализация древней фонемы < ê > (ѣ / «ять»),[е / и / ê / и͡е / ие / еи],2_TiPVDiLGRYa_Ud-Vok.pdf,2-3,Сохранить специальные знаки транскрипции
V001_EX3,V001,Гласные,Ударный вокализм,Реализация древней фонемы < ê > (ѣ / «ять»),"л’и͡ес, л’êс, в л’êсе, л’и͡есá, л’ис’истой",2_TiPVDiLGRYa_Ud-Vok.pdf,2-3,Сохранить специальные знаки транскрипции
V001_EX4,V001,Гласные,Ударный вокализм,Реализация древней фонемы < ê > (ѣ / «ять»),"л’ис – в л’иси, л’исистой",2_TiPVDiLGRYa_Ud-Vok.pdf,2-3,Сохранить специальные знаки транскрипции
V002_EX1,V002,Гласные,Ударный вокализм,Реализация древней фонемы < ô >,в[ô]т; дв[ô]р; д[ô]бр; заб[ô]та; к[ô]нь; к[ô]т,2_TiPVDiLGRYa_Ud-Vok.pdf,4,Архаичные говоры с [ê]
V002_EX2,V002,Гласные,Ударный вокализм,Реализация древней фонемы < ô >,[о / ô / у͡о / уо / оу],2_TiPVDiLGRYa_Ud-Vok.pdf,4,Архаичные говоры с [ê]
V002_EX3,V002,Гласные,Ударный вокализм,Реализация древней фонемы < ô >,"лиц[ô], хорош[ô]",2_TiPVDiLGRYa_Ud-Vok.pdf,4,Архаичные говоры с [ê]
V002_EX4,V002,Гласные,Ударный вокализм,Реализация древней фонемы < ô >,"с[ô]н, м[ô]х",2_TiPVDiLGRYa_Ud-Vok.pdf,4,Архаичные говоры с [ê]
V003_EX1,V003,Гласные,Ударный вокализм,Переход фонемы < е > в фонему < о >,"[п’é]с, [л’é]н, не[с’é]шь, не[с’é]м",2_TiPVDiLGRYa_Ud-Vok.pdf,5,
V003_EX2,V003,Гласные,Ударный вокализм,Переход фонемы < е > в фонему < о >,"[п’ó]с, [н’ó]с, ве[з’ó]шь, не[с’ó]м",2_TiPVDiLGRYa_Ud-Vok.pdf,5,
V003_EX3,V003,Гласные,Ударный вокализм,Переход фонемы < е > в фонему < о >,[н’é]бо / [н’ó]бо; [кр’é]ст / [кр’ó]ст,2_TiPVDiLGRYa_Ud-Vok.pdf,5,
V003_EX4,V003,Гласные,Ударный вокализм,Переход фонемы < е > в фонему < о >,зе[л’ó]ной > зе[л’óн’е]нькой,2_TiPVDiLGRYa_Ud-Vok.pdf,5,
V004_EX1,V004,Гласные,Ударный вокализм,Реализация фонемы < а > между мягкими согласными,о[п’áт’]; [з’áт’]; п[р’áн’]ик; в[з’áл’]и,2_TiPVDiLGRYa_Ud-Vok.pdf,6,
V004_EX2,V004,Гласные,Ударный вокализм,Реализация фонемы < а > между мягкими согласными,о[п’éт’]; [з’éт’]; п[р’éн’]ик; в[з’éл’]и,2_TiPVDiLGRYa_Ud-Vok.pdf,6,
V004_EX3,V004,Гласные,Ударный вокализм,Реализация фонемы < а > между мягкими согласными,гу[л’áл’]и; ког[т’áм’]и; рем[н’áм’]и,2_TiPVDiLGRYa_Ud-Vok.pdf,6,
V004_EX4,V004,Гласные,Ударный вокализм,Реализация фонемы < а > между мягкими согласными,гу[л’éл’]и; ког[т’éм’]и; рем[н’é’]ми,2_TiPVDiLGRYa_Ud-Vok.pdf,6,
V005_EX1,V005,Гласные,Ударный вокализм,Системные особенности ударного вокализма,"Говоры с шестью, семью или восемью гласными фонемами",2_TiPVDiLGRYa_Ud-Vok.pdf,7,
V005_EX2,V005,Гласные,Ударный вокализм,Системные особенности ударного вокализма,Зависимость качества гласных от последующего твёрдого / мягкого согласного,2_TiPVDiLGRYa_Ud-Vok.pdf,7,
V006_EX1,V006,Гласные,Безударный вокализм,Позиция первого предударного слога,трáвы – травá; сóвы – совá; двôр – дворы; дêло – делá,3_TiPVDiLGRYa_Bezud-Vok.pdf,2,
V006_EX2,V006,Гласные,Безударный вокализм,Позиция первого предударного слога,тр[а]вá,3_TiPVDiLGRYa_Bezud-Vok.pdf,2,
V006_EX3,V006,Гласные,Безударный вокализм,Позиция первого предударного слога,в [л’а]су / в [л’и]су,3_TiPVDiLGRYa_Bezud-Vok.pdf,2,
V006_EX4,V006,Гласные,Безударный вокализм,Позиция первого предударного слога,[н’е]си / [н’а]си / [н’и]си,3_TiPVDiLGRYa_Bezud-Vok.pdf,2,
V007_EX1,V007,Гласные,Безударный вокализм,Оканье,с[а]м – с[а]ма; дв[о]р – дв[о]ры,3_TiPVDiLGRYa_Bezud-Vok.pdf,3,
V007_EX2,V007,Гласные,Безударный вокализм,Оканье,[о/а],3_TiPVDiLGRYa_Bezud-Vok.pdf,3,
V007_EX3,V007,Гласные,Безударный вокализм,Оканье,[о/о],3_TiPVDiLGRYa_Bezud-Vok.pdf,3,
V007_EX4,V007,Гласные,Безударный вокализм,Оканье,[о/у],3_TiPVDiLGRYa_Bezud-Vok.pdf,3,
V008_EX1,V008,Гласные,Безударный вокализм,Сверхоканье,тр[а]вы – тр[о]ва,3_TiPVDiLGRYa_Bezud-Vok.pdf,3,
V008_EX2,V008,Гласные,Безударный вокализм,Сверхоканье,"скожи, кокую, нород, скокать",3_TiPVDiLGRYa_Bezud-Vok.pdf,3,
V008_EX3,V008,Гласные,Безударный вокализм,Сверхоканье,"зобор, зобота, локей, корета",3_TiPVDiLGRYa_Bezud-Vok.pdf,3,
V008_EX4,V008,Гласные,Безударный вокализм,Сверхоканье,"торелка, ломпадка",3_TiPVDiLGRYa_Bezud-Vok.pdf,3,
V009_EX1,V009,Гласные,Безударный вокализм,Аканье,с[а]м – с[а]ма; дв[о]р – дв[а]ры,3_TiPVDiLGRYa_Bezud-Vok.pdf,4,В sheet 2 развернуть типы
V009_EX2,V009,Гласные,Безударный вокализм,Аканье,ст[а]лы – тр[а]вы; ст[а]лу – тр[а]ву,3_TiPVDiLGRYa_Bezud-Vok.pdf,4,В sheet 2 развернуть типы
V009_EX3,V009,Гласные,Безударный вокализм,Аканье,ст[ъ]ла – тр[ъ]ва; с[ъ]плей; н[ъ]сок,3_TiPVDiLGRYa_Bezud-Vok.pdf,4,В sheet 2 развернуть типы
V009_EX4,V009,Гласные,Безударный вокализм,Аканье,ассимилятивно-диссимилятивное аканье,3_TiPVDiLGRYa_Bezud-Vok.pdf,4,В sheet 2 развернуть типы
V010_EX1,V010,Гласные,Безударный вокализм,Яканье,[п’а]ть – [п’а]ти; [н’о]с – [н’а]си; [л’е]с – [л’а]са,3_TiPVDiLGRYa_Bezud-Vok.pdf,6,"В sheet 2 развернуть сильное, диссимилятивное, ассимилятивное, умеренное"
V010_EX2,V010,Гласные,Безударный вокализм,Яканье,"[п’а]ти, [н’а]си, в [л’а]су",3_TiPVDiLGRYa_Bezud-Vok.pdf,6,"В sheet 2 развернуть сильное, диссимилятивное, ассимилятивное, умеренное"
V010_EX3,V010,Гласные,Безударный вокализм,Яканье,"[п’и]ти, [н’и]си, в [л’и]су",3_TiPVDiLGRYa_Bezud-Vok.pdf,6,"В sheet 2 развернуть сильное, диссимилятивное, ассимилятивное, умеренное"
V010_EX4,V010,Гласные,Безударный вокализм,Яканье,[л’и]са / [р’и]ка,3_TiPVDiLGRYa_Bezud-Vok.pdf,6,"В sheet 2 развернуть сильное, диссимилятивное, ассимилятивное, умеренное"
V011_EX1,V011,Гласные,Безударный вокализм,Еканье,[п’а]ть – [п’е]ти,3_TiPVDiLGRYa_Bezud-Vok.pdf,8,
V011_EX2,V011,Гласные,Безударный вокализм,Еканье,[н’о]с – [н’е]си,3_TiPVDiLGRYa_Bezud-Vok.pdf,8,
V011_EX3,V011,Гласные,Безударный вокализм,Еканье,[л’е]с – [л’е]са,3_TiPVDiLGRYa_Bezud-Vok.pdf,8,
V012_EX1,V012,Гласные,Безударный вокализм,Иканье,[п’а]ть – [п’и]ти,3_TiPVDiLGRYa_Bezud-Vok.pdf,8,
V012_EX2,V012,Гласные,Безударный вокализм,Иканье,[н’о]с – [н’и]си,3_TiPVDiLGRYa_Bezud-Vok.pdf,8,
V012_EX3,V012,Гласные,Безударный вокализм,Иканье,[л’е]с – [л’и]са,3_TiPVDiLGRYa_Bezud-Vok.pdf,8,
V013_EX1,V013,Гласные,Безударный вокализм,Ёканье,[н’о]с – [н’о]су,3_TiPVDiLGRYa_Bezud-Vok.pdf,9,Предударное и заударное
V013_EX2,V013,Гласные,Безударный вокализм,Ёканье,[р’е]к – [р’о]кой,3_TiPVDiLGRYa_Bezud-Vok.pdf,9,Предударное и заударное
V013_EX3,V013,Гласные,Безударный вокализм,Ёканье,"[л’о]жу, [н’о]су",3_TiPVDiLGRYa_Bezud-Vok.pdf,9,Предударное и заударное
V013_EX4,V013,Гласные,Безударный вокализм,Ёканье,"по[л’о], ве[т’о]р, се[м’о]",3_TiPVDiLGRYa_Bezud-Vok.pdf,9,Предударное и заударное
V014_EX1,V014,Гласные,Безударный вокализм,Уканье,"удна, утнял",3_TiPVDiLGRYa_Bezud-Vok.pdf,10,
V014_EX2,V014,Гласные,Безударный вокализм,Уканье,"утопри, удного",3_TiPVDiLGRYa_Bezud-Vok.pdf,10,
V014_EX3,V014,Гласные,Безударный вокализм,Уканье,"стурона, мулоко",3_TiPVDiLGRYa_Bezud-Vok.pdf,10,
V014_EX4,V014,Гласные,Безударный вокализм,Уканье,"пупугай; пумугли, гулубой, лускуды",3_TiPVDiLGRYa_Bezud-Vok.pdf,10,
V015_EX1,V015,Гласные,Безударный вокализм,Гласные второго предударного слога после твёрдых согласных,борона – сарафан,3_TiPVDiLGRYa_Bezud-Vok.pdf,11,
V015_EX2,V015,Гласные,Безударный вокализм,Гласные второго предударного слога после твёрдых согласных,бърона – сърафан / барона – сарафан,3_TiPVDiLGRYa_Bezud-Vok.pdf,11,
V015_EX3,V015,Гласные,Безударный вокализм,Гласные второго предударного слога после твёрдых согласных,бърана – сърафан / бырана – сырафан,3_TiPVDiLGRYa_Bezud-Vok.pdf,11,
C001_EX1,C001,Согласные,Качество согласных,Качество заднеязычного звонкого согласного,"[г]уси, но[г’]и, ро[г]а",4_TiPVDiLGRYa_Sogl.pdf,2-3,
C001_EX2,C001,Согласные,Качество согласных,Качество заднеязычного звонкого согласного,"[ɣ]уси, но[ɣ’]и, ра[ɣ]а",4_TiPVDiLGRYa_Sogl.pdf,2-3,
C001_EX3,C001,Согласные,Качество согласных,Качество заднеязычного звонкого согласного,"боɣа, ɣосподи, аɣа",4_TiPVDiLGRYa_Sogl.pdf,2-3,
C001_EX4,C001,Согласные,Качество согласных,Качество заднеязычного звонкого согласного,"доброɣо, тоɣо",4_TiPVDiLGRYa_Sogl.pdf,2-3,
C002_EX1,C002,Согласные,Качество согласных,Реализация заднеязычного фрикативного мягкого,"[ɣ’и]бель, [ɣ’е]рманец, сапо[ɣ’и]",4_TiPVDiLGRYa_Sogl.pdf,4,
C002_EX2,C002,Согласные,Качество согласных,Реализация заднеязычного фрикативного мягкого,"[j’и]бель, [j’е]рманец, сапо[j’и]",4_TiPVDiLGRYa_Sogl.pdf,4,
C002_EX3,C002,Согласные,Качество согласных,Реализация заднеязычного фрикативного мягкого,но[ɣ’и],4_TiPVDiLGRYa_Sogl.pdf,4,
C002_EX4,C002,Согласные,Качество согласных,Реализация заднеязычного фрикативного мягкого,но[j’и],4_TiPVDiLGRYa_Sogl.pdf,4,
C003_EX1,C003,Согласные,Заднеязычные,Непереходное ассимилятивное смягчение заднеязычных,"ва[н’к’]а, ма[н’к’]а, ско[л’к’]о",4_TiPVDiLGRYa_Sogl.pdf,5,
C003_EX2,C003,Согласные,Заднеязычные,Непереходное ассимилятивное смягчение заднеязычных,"ча[j’к’]у, вве[р’х’]у, ша[н’г’]а, кры[шк’]а",4_TiPVDiLGRYa_Sogl.pdf,5,
C003_EX3,C003,Согласные,Заднеязычные,Непереходное ассимилятивное смягчение заднеязычных,"только [к]: ско[л’к’]о, ча[j’к’]у",4_TiPVDiLGRYa_Sogl.pdf,5,
C003_EX4,C003,Согласные,Заднеязычные,Непереходное ассимилятивное смягчение заднеязычных,только после парных / непарных по мягкости,4_TiPVDiLGRYa_Sogl.pdf,5,
C004_EX1,C004,Согласные,Заднеязычные,Переходное неассимилятивное смягчение заднеязычных,"ru[т’и], но[д’и]",4_TiPVDiLGRYa_Sogl.pdf,6,
C004_EX2,C004,Согласные,Заднеязычные,Переходное неассимилятивное смягчение заднеязычных,[т’и]слый,4_TiPVDiLGRYa_Sogl.pdf,6,
C004_EX3,C004,Согласные,Заднеязычные,Переходное неассимилятивное смягчение заднеязычных,[д’и]бель,4_TiPVDiLGRYa_Sogl.pdf,6,
C005_EX1,C005,Согласные,Заднеязычные,Переходное ассимилятивное смягчение заднеязычных,"ва[н’т’]а, ско[л’т’]о",4_TiPVDiLGRYa_Sogl.pdf,6,
C005_EX2,C005,Согласные,Заднеязычные,Переходное ассимилятивное смягчение заднеязычных,ша[н’д’]а,4_TiPVDiLGRYa_Sogl.pdf,6,
C005_EX3,C005,Согласные,Заднеязычные,Переходное ассимилятивное смягчение заднеязычных,кры[шт’]а,4_TiPVDiLGRYa_Sogl.pdf,6,
C006_EX1,C006,Согласные,Сонанты и скользящие,Реализация фонемы < j >,"[и̯а]ма, мо[и̯а]",4_TiPVDiLGRYa_Sogl.pdf,7,
C006_EX2,C006,Согласные,Сонанты и скользящие,Реализация фонемы < j >,"зн[аи̯э]т, сильн[аи̯э]",4_TiPVDiLGRYa_Sogl.pdf,7,
C006_EX3,C006,Согласные,Сонанты и скользящие,Реализация фонемы < j >,зн[аэ]т,4_TiPVDiLGRYa_Sogl.pdf,7,
C006_EX4,C006,Согласные,Сонанты и скользящие,Реализация фонемы < j >,сильн[аэ]т,4_TiPVDiLGRYa_Sogl.pdf,7,
C007_EX1,C007,Согласные,Переднеязычные фрикативные,Палатальные (шепелявые) переднеязычные фрикативные,"ва[с’’а], в[ш’о]",4_TiPVDiLGRYa_Sogl.pdf,8,
C007_EX2,C007,Согласные,Переднеязычные фрикативные,Палатальные (шепелявые) переднеязычные фрикативные,[с’ш’е]бе,4_TiPVDiLGRYa_Sogl.pdf,8,
C007_EX3,C007,Согласные,Переднеязычные фрикативные,Палатальные (шепелявые) переднеязычные фрикативные,"ко[ш’]ить, в[ж’]ал",4_TiPVDiLGRYa_Sogl.pdf,8,
C007_EX4,C007,Согласные,Переднеязычные фрикативные,Палатальные (шепелявые) переднеязычные фрикативные,[з’’и]ма,4_TiPVDiLGRYa_Sogl.pdf,8,
C008_EX1,C008,Согласные,Переднеязычные фрикативные,Твёрдые шепелявые и смешение зубных с альвеолярными,"[сш]олома, [сш]колько, [зж]амёрзла",4_TiPVDiLGRYa_Sogl.pdf,8,
C008_EX2,C008,Согласные,Переднеязычные фрикативные,Твёрдые шепелявые и смешение зубных с альвеолярными,[ж]амуж – [з]ара,4_TiPVDiLGRYa_Sogl.pdf,8,
C008_EX3,C008,Согласные,Переднеязычные фрикативные,Твёрдые шепелявые и смешение зубных с альвеолярными,[ш]ажа – [с]аги,4_TiPVDiLGRYa_Sogl.pdf,8,
C009_EX1,C009,Согласные,Шипящие,Реализация кратких шипящих согласных,"[ш’]ар, [ж’]ара, [ж’]ила, но[ш’]ка",4_TiPVDiLGRYa_Sogl.pdf,9,
C009_EX2,C009,Согласные,Шипящие,Реализация кратких шипящих согласных,"[ж’]ила, [ш’]ила, но: [ж]ать, [ш]аг",4_TiPVDiLGRYa_Sogl.pdf,9,
C009_EX3,C009,Согласные,Шипящие,Реализация кратких шипящих согласных,"[ж’]ила, но: [шы]ла, [ж]ать, [ш]аг",4_TiPVDiLGRYa_Sogl.pdf,9,
C009_EX4,C009,Согласные,Шипящие,Реализация кратких шипящих согласных,"[жы]ла, [шы]ла, [ж]ать, [ш]аг",4_TiPVDiLGRYa_Sogl.pdf,9,
C010_EX1,C010,Согласные,Шипящие,Реализация долгих шипящих согласных,"[ш’ч’]ука, [ш’ч’]итать, е[ж’д’ж’]у",4_TiPVDiLGRYa_Sogl.pdf,9,
C010_EX2,C010,Согласные,Шипящие,Реализация долгих шипящих согласных,"[шч]ука, [шчы]тать, е[ждж]у",4_TiPVDiLGRYa_Sogl.pdf,9,
C010_EX3,C010,Согласные,Шипящие,Реализация долгих шипящих согласных,"[ш’:]ука, [ш’:и]тать, е[ж’:]у",4_TiPVDiLGRYa_Sogl.pdf,9,
C010_EX4,C010,Согласные,Шипящие,Реализация долгих шипящих согласных,"[ш:]ука, [ш:ы]тать, е[ж:]у",4_TiPVDiLGRYa_Sogl.pdf,9,
C011_EX1,C011,Согласные,Аффрикаты,"Различение аффрикат <ц>, <ч’>","[ч’]ай, [ч’]удо – [ц’]арь, [ц’]елый",4_TiPVDiLGRYa_Sogl.pdf,10,
C011_EX2,C011,Согласные,Аффрикаты,"Различение аффрикат <ц>, <ч’>","[ч]ай, [ч]удо – [ц]арь, [ц]елый",4_TiPVDiLGRYa_Sogl.pdf,10,
C011_EX3,C011,Согласные,Аффрикаты,"Различение аффрикат <ц>, <ч’>","[ч’]ай, [ч’]удо – [ц]арь, [ц]елый",4_TiPVDiLGRYa_Sogl.pdf,10,
C012_EX1,C012,Согласные,Аффрикаты,Цоканье,"[ц]ай, [ц]удо – [ц]арь, [ц]елый",4_TiPVDiLGRYa_Sogl.pdf,10,
C012_EX2,C012,Согласные,Аффрикаты,Цоканье,"[ц’]ай, [ц’]удо – [ц’]арь, [ц’]елый",4_TiPVDiLGRYa_Sogl.pdf,10,
C012_EX3,C012,Согласные,Аффрикаты,Цоканье,"[ц]ай, [ц]удо – [ц’]арь, [ц’]елый",4_TiPVDiLGRYa_Sogl.pdf,10,
C012_EX4,C012,Согласные,Аффрикаты,Цоканье,"[ч’]ай, [ч’]удо – [ч’]арь, [ч’]елый",4_TiPVDiLGRYa_Sogl.pdf,10,
C013_EX1,C013,Согласные,Аффрикаты,Утрата затвора аффрикатами,"[ш’]ай, [ш’]удо – [с]арь, [с]елый",4_TiPVDiLGRYa_Sogl.pdf,11,
C013_EX2,C013,Согласные,Аффрикаты,Утрата затвора аффрикатами,"[с]арь, [сэ]лый",4_TiPVDiLGRYa_Sogl.pdf,11,
C013_EX3,C013,Согласные,Аффрикаты,Утрата затвора аффрикатами,"[с’]арь, [с’]елый",4_TiPVDiLGRYa_Sogl.pdf,11,
C013_EX4,C013,Согласные,Аффрикаты,Утрата затвора аффрикатами,"[ш’]ай, [ш’]удо",4_TiPVDiLGRYa_Sogl.pdf,11,
C014_EX1,C014,Согласные,Губные,"Согласные <в>, <ф>, <в’>, <ф’>","[w]оля, де[w]ка, тра[w]а",4_TiPVDiLGRYa_Sogl.pdf,12,
C014_EX2,C014,Согласные,Губные,"Согласные <в>, <ф>, <в’>, <ф’>","[в]оля, тра[в]а, ста[в’]ил",4_TiPVDiLGRYa_Sogl.pdf,12,
C014_EX3,C014,Согласные,Губные,"Согласные <в>, <ф>, <в’>, <ф’>","[хw]артук, [хw]ильм",4_TiPVDiLGRYa_Sogl.pdf,12,
C014_EX4,C014,Согласные,Губные,"Согласные <в>, <ф>, <в’>, <ф’>","де[ф]ка, тра[ф]ка, коро[ф], ста[ф’]",4_TiPVDiLGRYa_Sogl.pdf,12,
C015_EX1,C015,Согласные,Сонорные,Согласный сонорный боковой,"шlа, паlок – ш[оу꙼], па[у꙼]ка",4_TiPVDiLGRYa_Sogl.pdf,13,
C015_EX2,C015,Согласные,Сонорные,Согласный сонорный боковой,"шла, палок – ш[оу꙼], па[у꙼]ка",4_TiPVDiLGRYa_Sogl.pdf,13,
C015_EX3,C015,Согласные,Сонорные,Согласный сонорный боковой,"ш[л]а, па[л]ок – шё[л], па[л]ка",4_TiPVDiLGRYa_Sogl.pdf,13,
C016_EX1,C016,Согласные,Прочие особенности,Ассимиляция носовых согласных,о[м:]ан,4_TiPVDiLGRYa_Sogl.pdf,14,
C016_EX2,C016,Согласные,Прочие особенности,Ассимиляция носовых согласных,о[н:]а,4_TiPVDiLGRYa_Sogl.pdf,14,
C016_EX3,C016,Согласные,Прочие особенности,Ассимиляция носовых согласных,[мн]ук,4_TiPVDiLGRYa_Sogl.pdf,14,
C017_EX1,C017,Согласные,Прочие особенности,Ассимиляция «зубной + j»,дру[з’:]а,4_TiPVDiLGRYa_Sogl.pdf,14,
C017_EX2,C017,Согласные,Прочие особенности,Ассимиляция «зубной + j»,сви[н’:]а,4_TiPVDiLGRYa_Sogl.pdf,14,
C017_EX3,C017,Согласные,Прочие особенности,Ассимиляция «зубной + j»,пла[т’:]а,4_TiPVDiLGRYa_Sogl.pdf,14,
C018_EX1,C018,Согласные,Прочие особенности,Диссимиляция,ску[ч’]но – ску[шн]о,4_TiPVDiLGRYa_Sogl.pdf,14,
C018_EX2,C018,Согласные,Прочие особенности,Диссимиляция,[ч’]то – [ш]то,4_TiPVDiLGRYa_Sogl.pdf,14,
C018_EX3,C018,Согласные,Прочие особенности,Диссимиляция,[к]то – [х]то,4_TiPVDiLGRYa_Sogl.pdf,14,
C018_EX4,C018,Согласные,Прочие особенности,Диссимиляция,[гд]ому – [ɣд]ому,4_TiPVDiLGRYa_Sogl.pdf,14,
C019_EX1,C019,Согласные,Прочие особенности,Отвердение конечных губных согласных,"се[м], кро[ф], голу[п]",4_TiPVDiLGRYa_Sogl.pdf,14,
C019_EX2,C019,Согласные,Прочие особенности,Отвердение конечных губных согласных,"се[м’], кро[ф’], голу[п’]",4_TiPVDiLGRYa_Sogl.pdf,14,
C020_EX1,C020,Согласные,Прочие особенности,Упрощение конечных групп согласных,"мо[ст], хво[ст], гво[с’т’]",4_TiPVDiLGRYa_Sogl.pdf,14,
C020_EX2,C020,Согласные,Прочие особенности,Упрощение конечных групп согласных,"мо[с], хво[с], гво[с’]",4_TiPVDiLGRYa_Sogl.pdf,14,
N001_EX1,N001,Морфология,Существительное,Категория рода,мая́ ме́ста,5_TiPVDiLGRYa_Morf_Sush.pdf,2-3,
N001_EX2,N001,Морфология,Существительное,Категория рода,большой стадо; больша́я село́,5_TiPVDiLGRYa_Morf_Sush.pdf,2-3,
N001_EX3,N001,Морфология,Существительное,Категория рода,моё дитятко; ласковое теля; бересто,5_TiPVDiLGRYa_Morf_Sush.pdf,2-3,
N001_EX4,N001,Морфология,Существительное,Категория рода,"мая́ училища; лебедь, мышь",5_TiPVDiLGRYa_Morf_Sush.pdf,2-3,
N002_EX1,N002,Морфология,Существительное,Образование форм множественного числа,"сноп[jа], куст[jа]",5_TiPVDiLGRYa_Morf_Sush.pdf,5,
N002_EX2,N002,Морфология,Существительное,Образование форм множественного числа,"берёз[jа], шуб[jа]",5_TiPVDiLGRYa_Morf_Sush.pdf,5,
N002_EX3,N002,Морфология,Существительное,Образование форм множественного числа,"зяти, браты",5_TiPVDiLGRYa_Morf_Sush.pdf,5,
N002_EX4,N002,Морфология,Существительное,Образование форм множественного числа,"ребёнки, телёнки, татарины",5_TiPVDiLGRYa_Morf_Sush.pdf,5,
N003_EX1,N003,Морфология,Существительное,"Отвлечённые, вещественные и собирательные существительные во мн. числе",какие суши настали!,5_TiPVDiLGRYa_Morf_Sush.pdf,5,
N003_EX2,N003,Морфология,Существительное,"Отвлечённые, вещественные и собирательные существительные во мн. числе",Радостей он принес,5_TiPVDiLGRYa_Morf_Sush.pdf,5,
N003_EX3,N003,Морфология,Существительное,"Отвлечённые, вещественные и собирательные существительные во мн. числе",овсы хорошие; горохам радуюсь,5_TiPVDiLGRYa_Morf_Sush.pdf,5,
N003_EX4,N003,Морфология,Существительное,"Отвлечённые, вещественные и собирательные существительные во мн. числе","те молодёжь, те холостёжь",5_TiPVDiLGRYa_Morf_Sush.pdf,5,
N004_EX1,N004,Морфология,Существительное,1-е склонение,"к жены, земли; о воды, земли",5_TiPVDiLGRYa_Morf_Sush.pdf,8,
N004_EX2,N004,Морфология,Существительное,1-е склонение,"у жене, земле",5_TiPVDiLGRYa_Morf_Sush.pdf,8,
N004_EX3,N004,Морфология,Существительное,1-е склонение,бабою / бабой / бабэй / бабуй,5_TiPVDiLGRYa_Morf_Sush.pdf,8,
N004_EX4,N004,Морфология,Существительное,1-е склонение,дерев[н’оj],5_TiPVDiLGRYa_Morf_Sush.pdf,8,
N005_EX1,N005,Морфология,Существительное,3-е склонение,из грязи / из грязе,5_TiPVDiLGRYa_Morf_Sush.pdf,9,
N005_EX2,N005,Морфология,Существительное,3-е склонение,к грязе,5_TiPVDiLGRYa_Morf_Sush.pdf,9,
N005_EX3,N005,Морфология,Существительное,3-е склонение,грязю,5_TiPVDiLGRYa_Morf_Sush.pdf,9,
N005_EX4,N005,Морфология,Существительное,3-е склонение,"грязjоj, -jуj, -еj, -уj, -оj",5_TiPVDiLGRYa_Morf_Sush.pdf,9,
N006_EX1,N006,Морфология,Существительное,Нерегулярное склонение,"време, времё, времю",5_TiPVDiLGRYa_Morf_Sush.pdf,10,
N006_EX2,N006,Морфология,Существительное,Нерегулярное склонение,"времем, времём, времим",5_TiPVDiLGRYa_Morf_Sush.pdf,10,
N006_EX3,N006,Морфология,Существительное,Нерегулярное склонение,"матерь, матеря, матере",5_TiPVDiLGRYa_Morf_Sush.pdf,10,
N006_EX4,N006,Морфология,Существительное,Нерегулярное склонение,"матерей, матерjу",5_TiPVDiLGRYa_Morf_Sush.pdf,10,
N007_EX1,N007,Морфология,Существительное,2-е склонение: родительный на -у,"из саду, нет забору",5_TiPVDiLGRYa_Morf_Sush.pdf,11,
N007_EX2,N007,Морфология,Существительное,2-е склонение: родительный на -у,без мужу живу,5_TiPVDiLGRYa_Morf_Sush.pdf,11,
N007_EX3,N007,Морфология,Существительное,2-е склонение: родительный на -у,"без сену, от полю",5_TiPVDiLGRYa_Morf_Sush.pdf,11,
N007_EX4,N007,Морфология,Существительное,2-е склонение: родительный на -у,"без сухарю́, без отцу́",5_TiPVDiLGRYa_Morf_Sush.pdf,11,
N008_EX1,N008,Морфология,Существительное,2-е склонение: предложный на -е / -у / -и,"в городу, на тра́хту́",5_TiPVDiLGRYa_Morf_Sush.pdf,12,
N008_EX2,N008,Морфология,Существительное,2-е склонение: предложный на -е / -у / -и,"o мужику́, о го́роду",5_TiPVDiLGRYa_Morf_Sush.pdf,12,
N008_EX3,N008,Морфология,Существительное,2-е склонение: предложный на -е / -у / -и,на столи́,5_TiPVDiLGRYa_Morf_Sush.pdf,12,
N008_EX4,N008,Морфология,Существительное,2-е склонение: предложный на -е / -у / -и,о медведи́,5_TiPVDiLGRYa_Morf_Sush.pdf,12,
N009_EX1,N009,Морфология,Существительное,Множественное число: дат. на -ом,по грехом,5_TiPVDiLGRYa_Morf_Sush.pdf,14,
N009_EX2,N009,Морфология,Существительное,Множественное число: дат. на -ом,по делом,5_TiPVDiLGRYa_Morf_Sush.pdf,14,
N009_EX3,N009,Морфология,Существительное,Множественное число: дат. на -ом,по глазом,5_TiPVDiLGRYa_Morf_Sush.pdf,14,
N010_EX1,N010,Морфология,Существительное,Множественное число: предл. на -ох,"лапоть, лошадь, гость, дочь",5_TiPVDiLGRYa_Morf_Sush.pdf,14,
N010_EX2,N010,Морфология,Существительное,Множественное число: предл. на -ох,"люди, дети, сани, сени",5_TiPVDiLGRYa_Morf_Sush.pdf,14,
N010_EX3,N010,Морфология,Существительное,Множественное число: предл. на -ох,о -ох у муж. и жен. рода,5_TiPVDiLGRYa_Morf_Sush.pdf,14,
N011_EX1,N011,Морфология,Существительное,Множественное число: творительный,"во́дыми, зе́млими, ко́ними, ба́бами",5_TiPVDiLGRYa_Morf_Sush.pdf,15-16,
N011_EX2,N011,Морфология,Существительное,Множественное число: творительный,"дома́ми, коня́ми, стола́ми",5_TiPVDiLGRYa_Morf_Sush.pdf,15-16,
N011_EX3,N011,Морфология,Существительное,Множественное число: творительный,"дома́мы, ба́бамы, стару́хамы",5_TiPVDiLGRYa_Morf_Sush.pdf,15-16,
N011_EX4,N011,Морфология,Существительное,Множественное число: творительный,"людьми, гусьми, слезми, свечми",5_TiPVDiLGRYa_Morf_Sush.pdf,15-16,
N012_EX1,N012,Морфология,Существительное,Множественное число: совпадение дат. и тв.,к ногам – с ногам,5_TiPVDiLGRYa_Morf_Sush.pdf,17,
N012_EX2,N012,Морфология,Существительное,Множественное число: совпадение дат. и тв.,к селам – с селам,5_TiPVDiLGRYa_Morf_Sush.pdf,17,
N013_EX1,N013,Морфология,Существительное,Множественное число: именительный,горожане / устюжа́на / крестьяны,5_TiPVDiLGRYa_Morf_Sush.pdf,18-20,
N013_EX2,N013,Морфология,Существительное,Множественное число: именительный,"сёла, окна, вёдра, дела́, места́",5_TiPVDiLGRYa_Morf_Sush.pdf,18-20,
N013_EX3,N013,Морфология,Существительное,Множественное число: именительный,"о́кны, вёдры, сёлы, гу́мны",5_TiPVDiLGRYa_Morf_Sush.pdf,18-20,
N013_EX4,N013,Морфология,Существительное,Множественное число: именительный,"леса́, столба́, города́; бровя́; шу́бья",5_TiPVDiLGRYa_Morf_Sush.pdf,18-20,
N014_EX1,N014,Морфология,Существительное,Множественное число: родительный,"яблоков, татаров, глазов",5_TiPVDiLGRYa_Morf_Sush.pdf,21-22,
N014_EX2,N014,Морфология,Существительное,Множественное число: родительный,"окнов, селов, кучов, свадьбов",5_TiPVDiLGRYa_Morf_Sush.pdf,21-22,
N014_EX3,N014,Морфология,Существительное,Множественное число: родительный,"лещов, плащов, конёв; мышов",5_TiPVDiLGRYa_Morf_Sush.pdf,21-22,
N014_EX4,N014,Морфология,Существительное,Множественное число: родительный,"молодцей, отцей, домох, стадох",5_TiPVDiLGRYa_Morf_Sush.pdf,21-22,
G001_EX1,G001,Морфология,Глагол,Формы 3-го лица ед. и мн. числа,"глядит, пишет, несёт",6_TiPVDiLGRYa_Morf_Glag.pdf,2,
G001_EX2,G001,Морфология,Глагол,Формы 3-го лица ед. и мн. числа,"ɣляди[т’], пише[т’], несё[т’]",6_TiPVDiLGRYa_Morf_Glag.pdf,2,
G001_EX3,G001,Морфология,Глагол,Формы 3-го лица ед. и мн. числа,"гляди, пише, несё",6_TiPVDiLGRYa_Morf_Glag.pdf,2,
G001_EX4,G001,Морфология,Глагол,Формы 3-го лица ед. и мн. числа,"ɣлядя, пишу[т’], несу[т’]",6_TiPVDiLGRYa_Morf_Glag.pdf,2,
G002_EX1,G002,Морфология,Глагол,Формы 2 и 3 л. ед. ч. и 1 и 2 л. мн. ч.,"ты не[с’е]шь, мы не[с’е]м",6_TiPVDiLGRYa_Morf_Glag.pdf,3,
G002_EX2,G002,Морфология,Глагол,Формы 2 и 3 л. ед. ч. и 1 и 2 л. мн. ч.,"он не[с’е]т, вы не[с’е]те",6_TiPVDiLGRYa_Morf_Glag.pdf,3,
G002_EX3,G002,Морфология,Глагол,Формы 2 и 3 л. ед. ч. и 1 и 2 л. мн. ч.,мы не[с’о]м,6_TiPVDiLGRYa_Morf_Glag.pdf,3,
G002_EX4,G002,Морфология,Глагол,Формы 2 и 3 л. ед. ч. и 1 и 2 л. мн. ч.,он не[с’о]т,6_TiPVDiLGRYa_Morf_Glag.pdf,3,
G003_EX1,G003,Морфология,Глагол,Формы 2 л. мн. ч.,несетё,6_TiPVDiLGRYa_Morf_Glag.pdf,4,
G003_EX2,G003,Морфология,Глагол,Формы 2 л. мн. ч.,несе[т’е́],6_TiPVDiLGRYa_Morf_Glag.pdf,4,
G004_EX1,G004,Морфология,Глагол,Формы 1 л. ед. и мн. ч.,я не знай,6_TiPVDiLGRYa_Morf_Glag.pdf,4,
G004_EX2,G004,Морфология,Глагол,Формы 1 л. ед. и мн. ч.,несёмо,6_TiPVDiLGRYa_Morf_Glag.pdf,4,
G004_EX3,G004,Морфология,Глагол,Формы 1 л. ед. и мн. ч.,знаема,6_TiPVDiLGRYa_Morf_Glag.pdf,4,
G005_EX1,G005,Морфология,Глагол,Основы глаголов,"пахают, брехают, стонают, дремают",6_TiPVDiLGRYa_Morf_Glag.pdf,5,
G005_EX2,G005,Морфология,Глагол,Основы глаголов,"ездиют, лазиют, мериют, требовают",6_TiPVDiLGRYa_Morf_Glag.pdf,5,
G005_EX3,G005,Морфология,Глагол,Основы глаголов,умолк / умолкнул – умолкнут,6_TiPVDiLGRYa_Morf_Glag.pdf,5,
G006_EX1,G006,Морфология,Глагол,Чередования в основах глаголов,не[с]у – не[с’]ёшь,6_TiPVDiLGRYa_Morf_Glag.pdf,6,
G006_EX2,G006,Морфология,Глагол,Чередования в основах глаголов,бере[г]у – бере[ж]ёшь; пе[к]у – пе[ч’]ёшь,6_TiPVDiLGRYa_Morf_Glag.pdf,6,
G006_EX3,G006,Морфология,Глагол,Чередования в основах глаголов,пе[к’]у / пе[к]ошь,6_TiPVDiLGRYa_Morf_Glag.pdf,6,
G006_EX4,G006,Морфология,Глагол,Чередования в основах глаголов,лю[б’]ят – лю[бл’]ю / лю[б’]ю,6_TiPVDiLGRYa_Morf_Glag.pdf,6,
G007_EX1,G007,Морфология,Глагол,Формы будущего времени,"иму делать, имел делать",6_TiPVDiLGRYa_Morf_Glag.pdf,7,
G007_EX2,G007,Морфология,Глагол,Формы будущего времени,Лён имём связывать,6_TiPVDiLGRYa_Morf_Glag.pdf,7,
G007_EX3,G007,Морфология,Глагол,Формы будущего времени,помирать хочу; захворать хочете,6_TiPVDiLGRYa_Morf_Glag.pdf,7,
G007_EX4,G007,Морфология,Глагол,Формы будущего времени,Почну реветь,6_TiPVDiLGRYa_Morf_Glag.pdf,7,
G008_EX1,G008,Морфология,Глагол,Формы спряжения,пи[шъш] – ды[шъш],6_TiPVDiLGRYa_Morf_Glag.pdf,8,
G008_EX2,G008,Морфология,Глагол,Формы спряжения,пи[шът] – ды[шът],6_TiPVDiLGRYa_Morf_Glag.pdf,8,
G008_EX3,G008,Морфология,Глагол,Формы спряжения,"играшь, играт, играм",6_TiPVDiLGRYa_Morf_Glag.pdf,8,
G008_EX4,G008,Морфология,Глагол,Формы спряжения,"умешь, умет, умем",6_TiPVDiLGRYa_Morf_Glag.pdf,8,
G009_EX1,G009,Морфология,Глагол,Формы прошедшего времени,подохл,6_TiPVDiLGRYa_Morf_Glag.pdf,9,
G009_EX2,G009,Морфология,Глагол,Формы прошедшего времени,пришел есть; ушел есть,6_TiPVDiLGRYa_Morf_Glag.pdf,9,
G009_EX3,G009,Морфология,Глагол,Формы прошедшего времени,Я е опухла; Она была с дочерью жила,6_TiPVDiLGRYa_Morf_Glag.pdf,9,
G009_EX4,G009,Морфология,Глагол,Формы прошедшего времени,бра́ла / брала́; ви́ла / вила́,6_TiPVDiLGRYa_Morf_Glag.pdf,9,
G010_EX1,G010,Морфология,Глагол,Наклонение и вид,"броси, сяди, встани",6_TiPVDiLGRYa_Morf_Glag.pdf,10-11,
G010_EX2,G010,Морфология,Глагол,Наклонение и вид,"посоль, отгонь, глянь, положь, напой, подь",6_TiPVDiLGRYa_Morf_Glag.pdf,10-11,
G010_EX3,G010,Морфология,Глагол,Наклонение и вид,"стрелять – стрелить; думать – сдумать, удумать",6_TiPVDiLGRYa_Morf_Glag.pdf,10-11,
G010_EX4,G010,Морфология,Глагол,Наклонение и вид,бегивал; крашивал; стреконуть; хлебануть,6_TiPVDiLGRYa_Morf_Glag.pdf,10-11,
G011_EX1,G011,Морфология,Глагол,Возвратные формы,"боялса, боялсы, боялсэ",6_TiPVDiLGRYa_Morf_Glag.pdf,12-13,
G011_EX2,G011,Морфология,Глагол,Возвратные формы,"боялся, болси, боялсе",6_TiPVDiLGRYa_Morf_Glag.pdf,12-13,
G011_EX3,G011,Морфология,Глагол,Возвратные формы,"боюся, боитеся / боюсь, боитесь",6_TiPVDiLGRYa_Morf_Glag.pdf,12-13,
G011_EX4,G011,Морфология,Глагол,Возвратные формы,"бои[с’:а], бои[с:а], бои[ш:а]",6_TiPVDiLGRYa_Morf_Glag.pdf,12-13,
G012_EX1,G012,Морфология,Глагол,Формы инфинитива,"нести́, печи́, ходи́ти, бере́чи",6_TiPVDiLGRYa_Morf_Glag.pdf,14,
G012_EX2,G012,Морфология,Глагол,Формы инфинитива,"несть, печь, месть, гресть",6_TiPVDiLGRYa_Morf_Glag.pdf,14,
G012_EX3,G012,Морфология,Глагол,Формы инфинитива,"берегти, пекти, гребти",6_TiPVDiLGRYa_Morf_Glag.pdf,14,
G012_EX4,G012,Морфология,Глагол,Формы инфинитива,"гребсти, печти",6_TiPVDiLGRYa_Morf_Glag.pdf,14,
P001_EX1,P001,Морфология,Причастие и деепричастие,Формы причастий страдательного залога прошедшего времени,"собрато, оторвато",7_TiPVDiLGRYa_Morf_Prich.pdf,2,
P001_EX2,P001,Морфология,Причастие и деепричастие,Формы причастий страдательного залога прошедшего времени,"наколоно, распорено",7_TiPVDiLGRYa_Morf_Prich.pdf,2,
P001_EX3,P001,Морфология,Причастие и деепричастие,Формы причастий страдательного залога прошедшего времени,"положон, лечоный",7_TiPVDiLGRYa_Morf_Prich.pdf,2,
P002_EX1,P002,Морфология,Причастие и деепричастие,Деепричастия на -учи,идучи,7_TiPVDiLGRYa_Morf_Prich.pdf,3,
P002_EX2,P002,Морфология,Причастие и деепричастие,Деепричастия на -учи,крадучи,7_TiPVDiLGRYa_Morf_Prich.pdf,3,
P003_EX1,P003,Морфология,Причастие и деепричастие,Деепричастия на -ши / -вши,"принесши, легши, привыкши",7_TiPVDiLGRYa_Morf_Prich.pdf,3,
P003_EX2,P003,Морфология,Причастие и деепричастие,Деепричастия на -ши / -вши,"одевши, лечивши",7_TiPVDiLGRYa_Morf_Prich.pdf,3,
P004_EX1,P004,Морфология,Причастие и деепричастие,Огласовка суффикса деепричастий,одевши,7_TiPVDiLGRYa_Morf_Prich.pdf,3,
P004_EX2,P004,Морфология,Причастие и деепричастие,Огласовка суффикса деепричастий,одемши,7_TiPVDiLGRYa_Morf_Prich.pdf,3,
P004_EX3,P004,Морфология,Причастие и деепричастие,Огласовка суффикса деепричастий,одетши,7_TiPVDiLGRYa_Morf_Prich.pdf,3,
P004_EX4,P004,Морфология,Причастие и деепричастие,Огласовка суффикса деепричастий,оделши,7_TiPVDiLGRYa_Morf_Prich.pdf,3,
P005_EX1,P005,Морфология,Причастие и деепричастие,Формы деепричастий от основы прош. времени глагола идти,ушодцы,7_TiPVDiLGRYa_Morf_Prich.pdf,3,
P005_EX2,P005,Морфология,Причастие и деепричастие,Формы деепричастий от основы прош. времени глагола идти,ушодчи,7_TiPVDiLGRYa_Morf_Prich.pdf,3,
P005_EX3,P005,Морфология,Причастие и деепричастие,Формы деепричастий от основы прош. времени глагола идти,"ушодши, ушовши",7_TiPVDiLGRYa_Morf_Prich.pdf,3,
P005_EX4,P005,Морфология,Причастие и деепричастие,Формы деепричастий от основы прош. времени глагола идти,"ушолши, ушомши",7_TiPVDiLGRYa_Morf_Prich.pdf,3,
P006_EX1,P006,Морфология,Причастие и деепричастие,Причастие как часть сказуемого,Корова напоеная,7_TiPVDiLGRYa_Morf_Prich.pdf,4,
P006_EX2,P006,Морфология,Причастие и деепричастие,Причастие как часть сказуемого,Дом построеный,7_TiPVDiLGRYa_Morf_Prich.pdf,4,
P007_EX1,P007,Морфология,Причастие и деепричастие,Координация причастного сказуемого,Корова напоён. Сено скошен.,7_TiPVDiLGRYa_Morf_Prich.pdf,5,
P007_EX2,P007,Морфология,Причастие и деепричастие,Координация причастного сказуемого,Корову напоёно. Воду принесёно. Воды принесён.,7_TiPVDiLGRYa_Morf_Prich.pdf,5,
P007_EX3,P007,Морфология,Причастие и деепричастие,Координация причастного сказуемого,Козами съедено. У коз съедено. У ребят убрано.,7_TiPVDiLGRYa_Morf_Prich.pdf,5,
P007_EX4,P007,Морфология,Причастие и деепричастие,Координация причастного сказуемого,Весной не едено. Здесь не хожено.,7_TiPVDiLGRYa_Morf_Prich.pdf,5,
P008_EX1,P008,Морфология,Причастие и деепричастие,Деепричастие-сказуемое с перфектным значением,Она поевши,7_TiPVDiLGRYa_Morf_Prich.pdf,6,
P008_EX2,P008,Морфология,Причастие и деепричастие,Деепричастие-сказуемое с перфектным значением,Он уехавши,7_TiPVDiLGRYa_Morf_Prich.pdf,6,
P008_EX3,P008,Морфология,Причастие и деепричастие,Деепричастие-сказуемое с перфектным значением,Мы всё съевши,7_TiPVDiLGRYa_Morf_Prich.pdf,6,
P008_EX4,P008,Морфология,Причастие и деепричастие,Деепричастие-сказуемое с перфектным значением,Она всё убравши,7_TiPVDiLGRYa_Morf_Prich.pdf,6,
